asset,captured_at,language,metadata,news_id,provider,published_at,query,raw_payload_sha256,source,title,url
BTC-USD,2026-09-21T17:42:33.984757+00:00,en,"{""feed_url"": ""https://news.google.com/rss/search?q=%22Bitcoin%22%20when%3A7d&hl=en-US&gl=US&ceid=US:en"", ""position"": 46}",2156f82f62649ac35daf1dae15fa313aada90f08b4281f63eb9361ccb692aae3,google_news_rss,2026-09-15T02:45:00+00:00,Bitcoin,3fae83138a845b7b89f53de4db23f82a62d2ce3713ed886b6d11e7022fafa116,KFOR,El Reno water crisis raises concern over Oklahoma law limiting local regulation of Bitcoin mines - KFOR,https://news.google.com/rss/articles/CBMiwwFBVV95cUxORWt4SnZfQ01rWEw0dWhtSjgxYkpZZUVPSDBxb2pqRmRTZm05NTFWWGRBZklEM0RoRFFId25TZjhNUmZ2c2NJUWloNWZpb1ZSSmVuZHhiMlh1WkhFSTUtWnMycU5iRDJzZkdlbHRrbG92OEhjSEtWclVIbWFkTlFwdTl0SXJCSUs0T2lUMnpTUjVqZlozM2sxLUdJNW85b1RiMnZOU1ZJaTdfVFJhTU43Ti1GS1lxNm1tNExvQVNCaUJMZXPSAcgBQVVfeXFMUEtEUDBLVFRxajlfVDNWeUI5bzFYc1RoVXgwdlc0azdONFJaanM4cndlb2ROSEtaYUV4d21SQjVhcVhpMlBOaVdsWkdWbFM4NjVkV0tjTi10RGM1bHNGbWVUSVU1NDNVVHFLdjBtc0UzbGhTX1FRNjNSUlZWcWhueFZNaVFzRVJoQThmRHNZSVZVaG5scUJQQUVtenRPYzlfTVpJdHQ5M1c0UWtub1VHTjNhcUpkclVkRDJWYzlxV3VFTWZ2ay1ETmU?oc=5
BTC-USD,2026-09-21T17:42:33.984757+00:00,en,"{""feed_url"": ""https://news.google.com/rss/search?q=%22Bitcoin%22%20when%3A7d&hl=en-US&gl=US&ceid=US:en"", ""position"": 65}",cede8e7245320f06f8fe4c805db66be16910c4dedf090db8bbb4d13976048266,google_news_rss,2026-09-15T03:23:28+00:00,Bitcoin,4737889fd3679ade70ef943779bb56c6aa85dd9d1860b16b2cb1362d7df1f802,CoinDesk,"Bitcoin slips to $77,800 as Senate Clarity Act vote nears and oil prices climb - CoinDesk",https://news.google.com/rss/articles/CBMiwgFBVV95cUxNT3dNRGdFcERGYUwtOXFqOW5Zc21ocGpsQkJzWjFwckNiWGIzRlJlYVdpUjJkdmZOakdJcVp6QWZEZjduejJuUUxWTnZJMXk2NFBWOFZ4c19qR1FJeC1jREpzbnJ2ekRfT1BfdG1fWEl0NVM1NnZpZ09tWTFaNy1vTzhpUTBlcmhUTjhybzZRZGFLOVFBSHlDYnJHM0drdE8zb0JxZlZ3Mi1Yd0NwSHZFamt1OGdZTUw3dXZvd2cxWDdLZw?oc=5
BTC-USD,2026-09-21T17:42:33.984757+00:00,en,"{""feed_url"": ""https://news.google.com/rss/search?q=%22Bitcoin%22%20when%3A7d&hl=en-US&gl=US&ceid=US:en"", ""position"": 32}",6fc8507533b3bf5dd3805680914dc37642cdade1af9def0bbc5f5acb2e85a1fa,google_news_rss,2026-09-15T05:50:00+00:00,Bitcoin,96243255e13f55731cbd403075c8a4e3041d97c8bba58c3e6c30852cf320add2,Bloomberg.com,Ethiopia Cuts Bitcoin Miners’ Power Supply as El Niño Hurts Dams - Bloomberg.com,https://news.google.com/rss/articles/CBMivwFBVV95cUxQWDRKMXhITjNtbzZnUWhyWEVycmNJcHlEbmRGaWxydmttVTFQOXBxeS16VGJOR21GSktVdHY5akYwdHRTWUM3bnhVRTk5dVhoek8zaTBuTDQwZXQxVlIxY3Jkb0hvNTFmVllxWTlVcmxKTjZhakdKamdZVDJWMllWY1BMajhSRWJTV3VBaFRvR1d6alRMREJ3MUZ1LUJLeXAwY19MMTAwbEc3M01GaXlBb3ZTZFhqTVptRXVlNTcwaw?oc=5
BTC-USD,2026-09-21T17:42:33.984757+00:00,en,"{""feed_url"": ""https://news.google.com/rss/search?q=%22Bitcoin%22%20when%3A7d&hl=en-US&gl=US&ceid=US:en"", ""position"": 25}",c9a017d1e5d5f93a6a96eafcaf128170e5f24a7708df53c515827d0ae5f4fd56,google_news_rss,2026-09-15T10:03:27+00:00,Bitcoin,3ae6faa1cf050fd31f70c9d20da2b991b04fe0d228f8102a78fe9b4bd99ab9e3,Yahoo Finance,Crypto Stocks Fall as Bitcoin Drops Ahead of Clarity Act Vote and Fed Decision - Yahoo Finance,https://news.google.com/rss/articles/CBMingFBVV95cUxOVWZNUVJVN0FUX2NBbGJ3ZmdPWkpuUVZBR3RKSVZGVjBlSDNFMzR4S0hvcWFUSHZYU2lPVlEzd3pKM1kwdTNXQUVjNGZVeFMtVjVJeThqRnhnWGplblpBY1hjVjIxZFVZQ1BjdGNvUVptX0dRNDZLeFVocGpKT2FCVUY5eW8za0tuZFN2aFN6TWtVR0c5OXlJX1I2cXIydw?oc=5
BTC-USD,2026-09-21T17:42:33.984757+00:00,en,"{""feed_url"": ""https://news.google.com/rss/search?q=%22Bitcoin%22%20when%3A7d&hl=en-US&gl=US&ceid=US:en"", ""position"": 37}",6221714252179c9f27551b5aa1b9351c24062848c918f423db233585ec402421,google_news_rss,2026-09-15T10:33:41+00:00,Bitcoin,90263d49e5862282cd17c8fd2d63ae1690593053ea11aee0f4e838f388d7e7c4,Barron's,Bitcoin Falls as Senate Blocks Clarity Act. Why Cathie Wood’s Dumping Crypto Stocks. - Barron's,https://news.google.com/rss/articles/CBMijwFBVV95cUxPcVQ0SVUyMkxrN3R6RXh3MEFDN3dWQlQ2YmN6aE9RdWRmalhjMExjRGNKM1pfbzhKT1JJOVYyQ1R2RnlxMEdseGlsUGxfLXdGUFlBSkJkS0U1WVpaMlhLcTZ1ZnZTUngwS0xnY3dZY2QzeUJxYlQxNHZoM3ZjUFMzbTNzcDVrekRYRWlvcU5UVQ?oc=5
BTC-USD,2026-09-21T17:42:33.984757+00:00,en,"{""feed_url"": ""https://news.google.com/rss/search?q=%22Bitcoin%22%20when%3A7d&hl=en-US&gl=US&ceid=US:en"", ""position"": 55}",b155e512004e562e012dc1d2058f746728ee8e6113f21614b243ff2898832518,google_news_rss,2026-09-15T10:45:12+00:00,Bitcoin,f1c5c96b1ba8bfe918ba84ffd7db572794e71a29afd2d6a37f70869c49f42c67,CoinDesk,Bitcoin slips as Clarity Act odds fade: Crypto Markets Today - CoinDesk,https://news.google.com/rss/articles/CBMitgFBVV95cUxNTGR0U0plYnJ2WG91N2k0NGpiSTl0NnY2d0ZlcXRtNm9lWnlHYUhrRm8xcEd4ZDZMMGI2NlpkSElXREhhaFNibGs1anNnNTNhbDJuVGdLVFpLSWpUNzFvVnZyUnotalFsb3hoQVN0eE1nYXhUaVA4ZEhsTHhuYTZTdkdJWDVIZ2lPdmVGc3dJeTVzc1hDYkVIX2ZYNjJRNGhhR2Jnb2lNN3ZsWHJlcllTOF96SHhHdw?oc=5
BTC-USD,2026-09-21T17:42:33.984757+00:00,en,"{""feed_url"": ""https://news.google.com/rss/search?q=%22Bitcoin%22%20when%3A7d&hl=en-US&gl=US&ceid=US:en"", ""position"": 82}",114f8c47caaa4c489af1d4f71570fcb5df44acfcb0f05fb4a3f895a924265fb1,google_news_rss,2026-09-15T12:00:00+00:00,Bitcoin,22139536e50138520ca782aceb8f4f1261bfc1af11b979d91f7efe67bb491718,Yahoo Finance,The Debasement Trade Splits as Gold and Bitcoin Bets Diverge - Yahoo Finance,https://news.google.com/rss/articles/CBMipAFBVV95cUxPMHVhTjZaS20yMkFfUXM5b1RoRnhYRDRGeWZ5dGwyNWNybU9TZm1qS1JycUlMTGx2VW1mN3dXaFJOSWRjYWNrR19NQzFZRlh3OVBrXzRmbVhidWZxSFdnZ0RSTjVwVmFUX0Y0NldYNEtXaWdOaEItNk5VOU1GT09FY1lnS0RkdWFhU3J5Ql9QMjc1a0NVLUJCYV95V05SUG9ic3ZhMA?oc=5
BTC-USD,2026-09-21T17:42:33.984757+00:00,en,"{""feed_url"": ""https://news.google.com/rss/search?q=%22Bitcoin%22%20when%3A7d&hl=en-US&gl=US&ceid=US:en"", ""position"": 97}",d4a500e9796c333c2ccd41f1c4aac65a6023efa8afa8aec0a433934b2c51d432,google_news_rss,2026-09-15T12:00:00+00:00,Bitcoin,acaf0854841985cf081c54ce70bb82caab7d287305d9abf09cf1e65ae599aed8,Bloomberg.com,The Debasement Trade Splits as Gold and Bitcoin Bets Diverge - Bloomberg.com,https://news.google.com/rss/articles/CBMisAFBVV95cUxOMnRHR2J0dUlIdUFkSWttVVBpY2FuRFdJLXNWVTNrV215dFQxbGJZLVA0cjdNOFRHTE9xWVM5NC0wUFJic1pObDFoY2E1OGs1bXA3cUo0RWZjbl96QVlMbjlaVHRKZmp4ZXJiS2pDdUhpb3A0MjZDdENmRXVza3ZMMDNIcG40RG9VamVCNTN0R0JpQlBxTENaTkwxUDNoR3VxNS1pZURRS1R3SWg0d2RKZQ?oc=5
BTC-USD,2026-09-21T17:42:33.984757+00:00,en,"{""feed_url"": ""https://news.google.com/rss/search?q=%22Bitcoin%22%20when%3A7d&hl=en-US&gl=US&ceid=US:en"", ""position"": 50}",0b9ac13463adc8d717c042503a66ef9182b903824654bf924b9ee74899f02ddb,google_news_rss,2026-09-15T13:43:50+00:00,Bitcoin,c802dba9e017f0e4da8938a5e1ef7733be887eb43c66107726b5e8a41156964f,CoinDesk,A hacker turned 25 cents of bitcoin into 46 billion fake BTC tokens on a DeFi bridge - CoinDesk,https://news.google.com/rss/articles/CBMiwwFBVV95cUxPS2wtYWN5X2Y0S2tOakdNRG9IYV8ySTZXSmRvRDJQMlVSdk1va1J1ZGh0c3NVWXdZRGxiaTZKVzEycVg1TFRZY2JhVk9EYWpudDE0cmNMTkN2ZU9yalFBYWN2OUtvekdpT3JKVEFhbEFla1ljSU1nVXJuNkcxZ19FWTdaLVB0SjhJUVZZRnpTYTZQdWNVSElaR0oyQ190ckw4bk05eDBJd19tUW11QURTeHp2U0xMeU5vNDNpM19yNi1MTXM?oc=5
BTC-USD,2026-09-21T17:42:33.984757+00:00,en,"{""feed_url"": ""https://news.google.com/rss/search?q=%22Bitcoin%22%20when%3A7d&hl=en-US&gl=US&ceid=US:en"", ""position"": 41}",e03d4e51fef064780abef2878eba9dd268fbc861a9ac9d9423fc686a2a51014e,google_news_rss,2026-09-15T14:00:00+00:00,Bitcoin,c620438da31eed03d35bb0c8629d6576be3f5a217872f90906c8a8159bfe99c2,Inquirer.com,"Bathhouse is bringing 36,000 square feet of Bitcoin-powered pools and saunas to Philly - Inquirer.com",https://news.google.com/rss/articles/CBMimAFBVV95cUxOQl8zMmdfS052TEVvUnF3bXJzUGRyN0QwN1BGRTBFMnFaamhtZ1o4OFpjcTg0YkFuN0x3WmpfUHVCNnoySWtrOExaRUlZU0pvTlNzYS1GQ3NCS0hxeUhpVF80aTN5NnVXZDFNMG82Q1JwMTRjcVF2RklBam5wd2d4OW4zWTNZNF92eW9BRlU3S0lOY2NMV2dVWA?oc=5
BTC-USD,2026-09-21T17:42:33.984757+00:00,en,"{""feed_url"": ""https://news.google.com/rss/search?q=%22Bitcoin%22%20when%3A7d&hl=en-US&gl=US&ceid=US:en"", ""position"": 5}",74116f98ff57c0bdbf9b2aa78b5b0fe649729e0961f3bf4c6ce1260dc709fb22,google_news_rss,2026-09-15T15:23:42+00:00,Bitcoin,17bf474066606ea1f36762e195facfa28d09dcfa2d1b4bce8f986326aca4dc53,Bloomberg.com,Bitcoin Rally Stalls as Optimism About US Crypto Bill Wanes - Bloomberg.com,https://news.google.com/rss/articles/CBMirwFBVV95cUxNUmZMSzVFeWhfc1M5dnJnVkh0dlhqNTRUbFVvOUZCQzItb1lyOThLMFhOc0VISkpGUm0xQTZvWk1OOXZjYzlxQy0xV2ZfNHNQcUhsVGM5YjlNV3dDVUwyaV9SX3dwU3hRVWpmQm5hbThtWXkzb2h1LXU0V1pqYllwQzZEYkkxR0F0YVZoQVQ2aFBxTGRibnhHQmJPV0VrSGd6NS1xQXp5VUpUdnVXSUdB?oc=5
BTC-USD,2026-09-21T17:42:33.984757+00:00,en,"{""feed_url"": ""https://news.google.com/rss/search?q=%22Bitcoin%22%20when%3A7d&hl=en-US&gl=US&ceid=US:en"", ""position"": 98}",d41aafbb74dbcd3d30f9bd94b5fe6e465962dcc218f431ae716bd65db75991d2,google_news_rss,2026-09-15T17:34:26+00:00,Bitcoin,3d6aba4a98cf270320cf4df99e38f916d771d9198a2b2d6c0d1deb3894d0a294,Bitcoin Magazine,"AI Could Be Bitcoin’s Next Onboarding Engine, Nakamoto CEO Says - Bitcoin Magazine",https://news.google.com/rss/articles/CBMib0FVX3lxTE9vRGw2S1QwQzJPLUp4cm5kVFBVc3NLMmt5UTVaeXZMSU5HcVV1U3lNTWRFSjhxVXhVYWpnLV9TN09heE1TNm12dUJUdGlqcnh0OXE2dE5UXzVmWUNrRzJsY3doa0I1LVduRDlKQVMzYw?oc=5
BTC-USD,2026-09-21T17:42:33.984757+00:00,en,"{""feed_url"": ""https://news.google.com/rss/search?q=%22Bitcoin%22%20when%3A7d&hl=en-US&gl=US&ceid=US:en"", ""position"": 13}",56ecca274b7624940f9ebc7fe451e230b0254dcd3825879ca599b20b877e89ba,google_news_rss,2026-09-15T19:06:40+00:00,Bitcoin,5760ac535dcde9b49be3e6f658dec90d48a65b70f33a4e3080244065c4dc570b,Yahoo Finance,"Bitcoin tumbles 4% to $75,000 as hopes of CLARITY Act passage this year fade - Yahoo Finance",https://news.google.com/rss/articles/CBMiygFBVV95cUxPYk5NTFFuS0pBQV9Zckt5ejlZMVU2TFNScjRMYTl2Q2ZnWHN1d2pRa0s1Ykw3dm0xeDBkUFJkVGpBVk42dWY4TVMzdjAzQnVpNFB3VDJ1VUNfUWNwLTJST1NMbXFFbEQ0NUx1emJ2eUdYdHFnM3BlZ05nSWV5RThITDFFbC1zQmlmVF9kSEItWWpvOW10M0lLVkU0S2tlVjdWQ0lnXzVuZl9sNi1fcDB5bjlDUF9XSlhXMlBic2UyUmI2U0E4T0JBa0JR?oc=5
BTC-USD,2026-09-21T17:42:33.984757+00:00,en,"{""feed_url"": ""https://news.google.com/rss/search?q=%22Bitcoin%22%20when%3A7d&hl=en-US&gl=US&ceid=US:en"", ""position"": 29}",54541aa5781a035f6de22d801b8b52b4bf0539db98ded9be57faacc13ca8ecae,google_news_rss,2026-09-15T19:14:45+00:00,Bitcoin,6d7dc0fac95bc02ad3b3ab2f8abd06897afc6a447f9193c1ed841469dc5d160d,Forbes,"Bitcoin, Ethereum And Other Major Cryptocurrencies Tumble As CLARITY Act Fails - Forbes",https://news.google.com/rss/articles/CBMi0AFBVV95cUxQZDdJdTRJaUhEUWRNQllra1pzeDlwN2RLMGNJYXJtS09NeDlNWkFySGQtaElHbUdYV0p6b0RkbzZwNkFZaUJYbzdjYnBLU2tkWmR2R3ZvbjBPYlJ0Yzdmb3VaSmZZOEdrVVRZdnFDZGxQRlVRWnlJRWlCN0hUZ2hIRTVscWxGVHNNNzAtNUZyaUdCX2M3RTMtck1NN05mR1h1MU9UeHlZeHZXUHZuT054QXQ4eVFVS29SbFB5NFd4ME02U3c2Q2g5YTBYSW9qSS01?oc=5
BTC-USD,2026-09-21T17:42:33.984757+00:00,en,"{""feed_url"": ""https://news.google.com/rss/search?q=%22Bitcoin%22%20when%3A7d&hl=en-US&gl=US&ceid=US:en"", ""position"": 7}",dc88927e802d1d72f99be6842a8c5609a294714f84b5ddd3a9f26c41eae54ccc,google_news_rss,2026-09-15T19:45:43+00:00,Bitcoin,e8cecc747b19c62af98290947fc4904c4bcaf729f17fad0d1039076fe1ac68d9,Reuters,Bitcoin and crypto stocks remain down after US senate fails to advance regulatory bill - Reuters,https://news.google.com/rss/articles/CBMiwgFBVV95cUxNT3ljdUI5OWpZMmJxc2NzRjhKVnpuYXdVZWFRU3RlMTlhdXNOaXhfU3BXS093YndRd0pXaHdLV2JfRUJ6c05va2FwemdfODVsVEZoVU9rRTRTNVZtRU9lRnNQbWg5SnZybkkwUThrT1JHZjJXYzRBdWZuR0hrc0Myc1ZQM3V5bWZCdFg2UlA2WnNlcVRwMlpwcHR1U0FDTnhzb3JqQ1lLVmZpQWxaeEt5VWpnTGctWDdHMjBlRmluSFh2QQ?oc=5
BTC-USD,2026-09-21T17:42:33.984757+00:00,en,"{""feed_url"": ""https://news.google.com/rss/search?q=%22Bitcoin%22%20when%3A7d&hl=en-US&gl=US&ceid=US:en"", ""position"": 79}",68d5b4d6edb5b4f6df96036068958e6517c99db957572421b73419a0fd895818,google_news_rss,2026-09-15T20:04:22+00:00,Bitcoin,bd92905eafab5cefb518b57af0ecb7d2ae303a7f758059cf19ecf8c16b10fb9c,Bloomberg.com,Bitcoin Drops the Most Since June After US Senate Blocks Bill - Bloomberg.com,https://news.google.com/rss/articles/CBMitAFBVV95cUxOcXR5VjNOS090QVl2LTlkbEVqeS1YaWlrZmZhS0Q4eWF1OTZMSW1ZSklkT1VRdXVfWktTeVNPSmRKWUlGMnRodWI2ZmpDYjBSbm00bmk1a244eG1meDU1M1pfS3JWbDJIMWIxLVl2dEtUSVdEeWJkREJ6UDhpU1NTRUVadEFZS0pPRnFfZ21CR2RnRG1VMzg1TDdmSmJiVFRIZmMxb1p4QUdFSF9vbGsxZHBLMGY?oc=5
BTC-USD,2026-09-21T17:42:33.984757+00:00,en,"{""feed_url"": ""https://news.google.com/rss/search?q=%22Bitcoin%22%20when%3A7d&hl=en-US&gl=US&ceid=US:en"", ""position"": 38}",bbe23bf4d3bd5bc10b90e68604de30520a3ffe750b4ced40903e476e963ec30e,google_news_rss,2026-09-15T21:13:13+00:00,Bitcoin,f3b73e24428b5c84375d38da1dd6ffa5ba639858faf17431f94e44e0fd534c19,Forbes,"Bitcoin Falls Below $75,000 Before Clarity Act Stumbles - Forbes",https://news.google.com/rss/articles/CBMirgFBVV95cUxOQzlwUGpncnQya2doTXdqNVFCTzl4N0I3a3VWYUdlQkpBWjBvN0trYXZHMkZYcjBzUHhfTW9VNS1yMVplY3dqQzBtUXk4MmU2VkRobnlHSmpzWE9ieEJXTGJvSUxiMVo4MUhhdk1wWGg2X0JYR3ctVWFqOFBsOTgtUkN5RTZYckNrRDBNaTNmbWZyN1VSTkZ0MkNKXy1WeTVKcG83TXQ3alJGMG5jUFE?oc=5
BTC-USD,2026-09-21T17:42:33.984757+00:00,en,"{""feed_url"": ""https://news.google.com/rss/search?q=%22Bitcoin%22%20when%3A7d&hl=en-US&gl=US&ceid=US:en"", ""position"": 43}",d208c5f210030768058596c6884d134bd012f88787207169383db839e289c8c9,google_news_rss,2026-09-16T01:14:00+00:00,Bitcoin,9612936d80617a089fb31a111ceafc34bcf89d16cb5a09b9268e291c10737f08,Yahoo Finance,"Bitcoin Slides, Crypto Stocks Decline As Trump-Backed CLARITY Act Fails To Pass Senate Vote - Yahoo Finance",https://news.google.com/rss/articles/CBMiowFBVV95cUxNaFR2T2tBdVktcFlfUDB5TFpnM2ZwZHhXb3p5ZUNMLVlMV2ZKSlJVOG9pdHMxNTFvTnpwY01tREdpdDBoSEphVy1VYzFDR0o5QXRWN0NSdmc4TWQyUm1aa3liSFhvZDF0RjN2UG5uUmg0YUhIWVdGQnJiV0hnZWUxVVUwVFVhRWViVTBPc21MMmM5VEQ3MVB3WVBOVC12NzZmN00w?oc=5
BTC-USD,2026-09-21T17:42:33.984757+00:00,en,"{""feed_url"": ""https://news.google.com/rss/search?q=%22Bitcoin%22%20when%3A7d&hl=en-US&gl=US&ceid=US:en"", ""position"": 94}",06f46b7f80b274d21bcc56c399d9c03f134950efb48686635bf62f140f42207a,google_news_rss,2026-09-16T03:21:00+00:00,Bitcoin,945cfa837eb9ae6c2d9bfaf0e3d9eee6b76fddfdd796a23921fa3047fe67f55b,Yahoo Finance,Strategy (MSTR) Paused Bitcoin Purchases For A Second Straight Week - Yahoo Finance,https://news.google.com/rss/articles/CBMipgFBVV95cUxOZE1Ud0tYS3hGQzRLN1lfUmJtUTlwNDBUenB1QzllQlgwZGlnNlpFV1hwR2VBdEZUYmVmaGlCa28wcEdCUWtGVnUydF9rUVRMMGtEZ1ItZGQ5c1FRNWNJSXRoZGJqeEJPUnlkMFFoRmNiN283VXBJdy1yR3Z6eGcwbUo2V0FtaEI1V3Byb01SSk1ZNjhPRlRXZzVwbEdoVHZpek9RTFFB?oc=5
BTC-USD,2026-09-21T17:42:33.984757+00:00,en,"{""feed_url"": ""https://news.google.com/rss/search?q=%22Bitcoin%22%20when%3A7d&hl=en-US&gl=US&ceid=US:en"", ""position"": 64}",f8f66aa638613bc385d3105c5797905da123efe4aedd341801f644e24e884064,google_news_rss,2026-09-16T03:56:00+00:00,Bitcoin,72659dc294071dae3defc19968135ab5ea59220f36a715d685113ffa5d67e16b,Yahoo Finance,Bitcoin Under Renewed Pressure as Looming Fed Hike Adds to Woes - Yahoo Finance,https://news.google.com/rss/articles/CBMipgFBVV95cUxNWU5vdGlXc2IzRE44cVZVQXFOcGFqVlNYdFByQWZnZHlmVEVoM3J3UjRWR2w1dDZSUHpCUUlSaUdPZnBhWFFtZ0RpRDBrRGNVM3ZaendZSTJUWjlDanlIZ1pYWG9EdERUS2hkWWpPbFZmTzRjR1ZYU3JnaG42SmdqVEkzX0phc09aNmxLZGNiRC14ampvbi1XeUJSWEJWSUlYU0NGUVFB?oc=5
BTC-USD,2026-09-21T17:42:33.984757+00:00,en,"{""feed_url"": ""https://news.google.com/rss/search?q=%22Bitcoin%22%20when%3A7d&hl=en-US&gl=US&ceid=US:en"", ""position"": 67}",fc87e20a1cc83cfae42775d00067c1637a87938a78a814c0eb982d68c9e50319,google_news_rss,2026-09-16T05:13:00+00:00,Bitcoin,de2d012f25a790c90b8a9f44fab3e0430825a98aa367d6180019b5d4288cfa28,Yahoo Finance,"MARA Holdings (MARA) Bought $100 Million In Bitcoin, Is It Still 38% Undervalued? - Yahoo Finance",https://news.google.com/rss/articles/CBMimgFBVV95cUxPdHU5RWlUQ0sxVTJXRnhKVVo0bGtFS0NIZWFpYldhN1NZaVBURVJ5ZGVwRkJTQVBOc3pNU044OWN0emVkU0hwWGJsV3R2X3BRc3pMU1VZUVp0VUdKQTJFakxZUm5NVThSd3dCX0VyZDA3YXNkdWdJaUc4dTRtYmxicThSdksta28wSDdvZHpfaFZJVFlkeTZaN0RR?oc=5
BTC-USD,2026-09-21T17:42:33.984757+00:00,en,"{""feed_url"": ""https://news.google.com/rss/search?q=%22Bitcoin%22%20when%3A7d&hl=en-US&gl=US&ceid=US:en"", ""position"": 56}",aba29784fed59551fef66c1dd30e319a658e02ae847606881f5e84eb3f38ac67,google_news_rss,2026-09-16T06:42:22+00:00,Bitcoin,12daa71e7ffe0137fcb8d113017b91b7a5687ac1ded6899d8d21bbb3fd6ef2d1,CoinDesk,Fed meeting is shaping up to be a nightmare for Warsh. Bitcoin might still shine - CoinDesk,https://news.google.com/rss/articles/CBMiwAFBVV95cUxNUFd1eW9UMkMwSDdHU3Q1eTBEY1ozMFYtX1E0NTBublZfdTBFbDFOYUp2X0E4ODZEM2huaU5xMEhjVXFQaUVyNEx1QXBDd1kyQzJwV0hmZlRzNERwZ0pvZ1RzMFo5NU1ieGxpVEZmYnJBdmlWU2N1WFpWa2dEODBNWjVObXY4dF9YOWI0OEdlbnhfTzI2bkxXLU9yZDFoVEFveXVsNml1U0o0SVdXQzVyakp0SzEyMlB2NE9pZkJ4SHA?oc=5
BTC-USD,2026-09-21T17:42:33.984757+00:00,en,"{""feed_url"": ""https://news.google.com/rss/search?q=%22Bitcoin%22%20when%3A7d&hl=en-US&gl=US&ceid=US:en"", ""position"": 83}",07e9a6cf387d1d9bb13549b75ee5bc3ed754d3694bd71c3a2b63c1bcced18f1e,google_news_rss,2026-09-16T07:00:00+00:00,Bitcoin,0c28bff390850e3fe283cc7047b8ab262b7ca9e41f0b6a74b0310a44ec7e933f,NerdWallet,"71 Bitcoin ETFs and Their Fees, Promotions and Holdings - NerdWallet",https://news.google.com/rss/articles/CBMia0FVX3lxTE5tQk0wSVBSLXRwYk8xVHZLdGdwY3ZfX2J5dkU2NFpGMk5nSVQ4OUc0TTZ3SGJYWlBWWUxfZFMxV3lMN2hUc1BKcXdjTlJPRjN1YkxZQ0NqWlgxRnlRNmJkb0ZRVURZaHY0YktJ?oc=5
BTC-USD,2026-09-21T17:42:33.984757+00:00,en,"{""feed_url"": ""https://news.google.com/rss/search?q=%22Bitcoin%22%20when%3A7d&hl=en-US&gl=US&ceid=US:en"", ""position"": 90}",3e042c6f89be3f7e5e3ff342149e7a723dae32328e291816acb9c387f22e768f,google_news_rss,2026-09-16T07:00:00+00:00,Bitcoin,47f67aef559d1efd29ee7317b67ff0066d305358649eed2c80a9cee79184128b,NerdWallet,5 Best-Performing Cryptocurrencies with Market Caps Above $10 Billion - NerdWallet,https://news.google.com/rss/articles/CBMigAFBVV95cUxNa1I3WG9jckJhSm9GQl82Vm85SExrZUNNbk1HcVEyamwxQWN0MlhzeHMtcno0SFVMSml6SlRkY2hmemJxdUJCRHQ0NWtwR1FHejVleUd1WGRiLWxBQTNyYTQzOGg0c0o0MFlCVlpmVjJfSnFTTFR2a1EtM1F3R3kxWg?oc=5
BTC-USD,2026-09-21T17:42:33.984757+00:00,en,"{""feed_url"": ""https://news.google.com/rss/search?q=%22Bitcoin%22%20when%3A7d&hl=en-US&gl=US&ceid=US:en"", ""position"": 89}",c236231c058fef663761a85ba44f00cef1da5243763b6563bb1a5ea7ea40b672,google_news_rss,2026-09-16T07:05:26+00:00,Bitcoin,fd06ad41a67a63283a5965f7221dab097b893ce3a17868ab67e49a501451e414,CoinDesk,Zcash holders overwhelmingly back faster transactions and bitcoin-style halvings - CoinDesk,https://news.google.com/rss/articles/CBMivgFBVV95cUxPVTlvWFN6dm5HajZTc2xNYnh6V25xREE1ZXl3bUtxSXJCTFZkLWtXVGVFekFRZWRZdFM3SVFsUmk4Wm1YNndCdG1WQi12UUtHdzdNOHl0LUg4ZnlFVjN5TUItZS1meGFwNFljb2hRTU9SR1JVYUQ3c29jZ2dZSkNPaElJWFAydTczZE5MTHgwUF9zeUF3Mm9FTFRDazhoekE1RU95VzVfdjF4dVhvQTFLSWJJTnBNVXFhNHFFeHp3?oc=5
BTC-USD,2026-09-21T17:42:33.984757+00:00,en,"{""feed_url"": ""https://news.google.com/rss/search?q=%22Bitcoin%22%20when%3A7d&hl=en-US&gl=US&ceid=US:en"", ""position"": 11}",732d94eda51a9545dab0345d2aa16b1fe51c242a76b6104c7c2f8df955fced2d,google_news_rss,2026-09-16T11:58:00+00:00,Bitcoin,4697aae1de6ce837fe90c93415718ec00be3a0d6122acf0e0c92f4a694aa8dd8,WSJ,Eyes on Fed Decision After Bitcoin Trades Near 4-Week Low on Failed Clarity Vote - WSJ,https://news.google.com/rss/articles/CBMixwFBVV95cUxPUmVpUXdQdmtOUnNRRVJ1TXRVQy1acy14c0hvbFVjWkFuOUtHcHpNWXZYeGNNeGcyNXhoY3JtWldpdW5RRGFYUjNoN081R1VfWVlTX1QyZ1hrSE9OTml0anYwelhyTU1NZGdYd2hJT1dqNzZiU18tSW1TM1J1WWpQek9ncF9haXJpUVVqYWRuWnpyRXZQYjAtM0lOelVpWjVSbkRpS3h2YUVuNWpxUUlIZ0F3dFlMd1FTazFPMW5JWVpCZmFaV3cw?oc=5
BTC-USD,2026-09-21T17:42:33.984757+00:00,en,"{""feed_url"": ""https://news.google.com/rss/search?q=%22Bitcoin%22%20when%3A7d&hl=en-US&gl=US&ceid=US:en"", ""position"": 47}",1d4c5cb1afc9c0cb21d889a7be46903df6c7887b47e174fc2689a56a4030ccdc,google_news_rss,2026-09-16T15:12:00+00:00,Bitcoin,78062aa5c72c8c735fbac33a263f7affe8d5c7f90c350007be10325ac1d9de37,KITCO,It’s no longer a debate: Hold both gold and Bitcoin as global sovereign debt drives demand for alternatives - 3iQ’s Mancuso - KITCO,https://news.google.com/rss/articles/CBMitgFBVV95cUxON0pOOXQ1SmozQmpGYnNIM3M0V3ZFWmJxbW1iQlNYaVFFT3JwOXpqUTAyelBqZTlTWWZKSk9wZGxiSlZFV2ZJekdkd1hFaFZVaVMyeUhManc0Skl5NzV4MHV3dVgxM2RYZ2F0S1RsSjcxVlFHXzg0eTFVcmhibTNOVUEtdzlncHZjQWhYbENoMUpfRkFHckFJeElLdlJhTDZzTUtGOWp0SzgzMkdwNG1LRW5ZWTljUQ?oc=5
BTC-USD,2026-09-21T17:42:33.984757+00:00,en,"{""feed_url"": ""https://news.google.com/rss/search?q=%22Bitcoin%22%20when%3A7d&hl=en-US&gl=US&ceid=US:en"", ""position"": 71}",521df7abe51f1a34983b660e43066a1215f862b718a5f3e6bd5624b04b1a8abb,google_news_rss,2026-09-16T15:26:54+00:00,Bitcoin,988d1fcdf7d61797426e66e146d9c69de0ff35779d5e9433d23f0a7b81a0b1f2,Bloomberg.com,Bitcoin Under Renewed Pressure as Looming Fed Hike Adds to Woes - Bloomberg.com,https://news.google.com/rss/articles/CBMitAFBVV95cUxONE4zcDhlRVI5a2ZSd05RMEExUXFVQzZrR3hTR0pjRmNJaXZma3FreS16aWRWVloyY0tORUhMdk5Db3pCT3FLSEc1U0FWdHNzUGtWQmx4SmNBeUIzUWZid0c5Sk5TU1J2Y1MtYjE5dnIzcHhRS2VDSXRscUpNd3VaRWRhMTJmU2RQcnVDWW9YRWpmcmFBbF9ya05BNll4Y2dubDVkb0lhdWZCYjlTbUltMFZ3d2I?oc=5
BTC-USD,2026-09-21T17:42:33.984757+00:00,en,"{""feed_url"": ""https://news.google.com/rss/search?q=%22Bitcoin%22%20when%3A7d&hl=en-US&gl=US&ceid=US:en"", ""position"": 17}",c97af8fa41ce5120a14e90e14ac1e44745ac2ec92e91357142de788d3b90d436,google_news_rss,2026-09-16T16:00:10+00:00,Bitcoin,b069ffb8c36e61346b999d1fa97bd5276d55c855052f5f938d2b440276669c46,Yahoo Finance,"The Bitcoin Price That Could Completely Change the MSTR Story, We See 97% Upside - Yahoo Finance",https://news.google.com/rss/articles/CBMipAFBVV95cUxNVG5NaldYVmh1b0k4djhZTmZZUmpib0JCMXdXX0ZydGxTYnVFRUNSQVE3RVNYeF95S2ZlYmxFcnRreUZ4NHNPWTBzOGRlU1pPYVRCdkcyUXNiWlhkVmg0SkdRSUFmUFpiV19OdUh1b1otSlZYS0ptVllNQm1QM3RUeXQydGZWZncydTlZNENiOExxb2Y4TlU3M0dwWWZfeFA5U0pRdA?oc=5
BTC-USD,2026-09-21T17:42:33.984757+00:00,en,"{""feed_url"": ""https://news.google.com/rss/search?q=%22Bitcoin%22%20when%3A7d&hl=en-US&gl=US&ceid=US:en"", ""position"": 44}",d7a500f72e12020a0f0dbc6ab44c626e0a1c3dcd95226a6e6b9b2dbda682204f,google_news_rss,2026-09-16T16:54:57+00:00,Bitcoin,9efa87f8f9307eb4c52b67d6b534e66c57d15dd381900fb7f708c3c85b1bf359,Yahoo Finance,What does a Fed rate hike mean for bitcoin prices? - Yahoo Finance,https://news.google.com/rss/articles/CBMinAFBVV95cUxQcF94Zmpob2VtSHotVmp0XzZWUGxuZG1lM01WeXYyNEYxVV9VSEcwMXIzd1Z6T2JuOFZCczR4VUFxM005eXNJc1dBaWNHSGJNNlRyVk0xc0JULUx5Zmktdnl5Y3RuZDdUY3JodlRWRG16TThUUFNzR2JUSXpDS0V2RmdTMnhhSXRxNU5RUkpEYTlLYXllcG5UNEtnWHQ?oc=5
BTC-USD,2026-09-21T17:42:33.984757+00:00,en,"{""feed_url"": ""https://news.google.com/rss/search?q=%22Bitcoin%22%20when%3A7d&hl=en-US&gl=US&ceid=US:en"", ""position"": 12}",8e86a09bc1e0c02ac232ffa6618f0f7bb5d8b47913d7dc8f9225ddff934a9c83,google_news_rss,2026-09-16T17:07:00+00:00,Bitcoin,b0a4895e2c2d9cf7b41938728804872b73982d4488d7ebac17cbc089d1c0c886,Yahoo Finance,Strategy Is Buying Bitcoin Again. Here's What That Means for the Price of Bitcoin. - Yahoo Finance,https://news.google.com/rss/articles/CBMiogFBVV95cUxOdUhsNEtFSmk4MDlZengyMDM1NDhlRGNjY2lHSUFlcFRUYkhuZTZtUGhsX2NTQlV4emQxaUY4ZWNwR1VaWWJtTzRSSnFMOEtjaWpmWjh5RGNKNUF3dXlHbEc2OGxtam9HVlk1WkY3WGZUZGcwOEoyVHhSQW9oLXZ3TC00X3FyUlVfNTluOFJjeHdfd3pFZDdLODlzLTF3dmdUMVE?oc=5
BTC-USD,2026-09-21T17:42:33.984757+00:00,en,"{""feed_url"": ""https://news.google.com/rss/search?q=%22Bitcoin%22%20when%3A7d&hl=en-US&gl=US&ceid=US:en"", ""position"": 88}",5ddce4a8c1933ed0156aa8823b1c36cfa9965d6335e9014f59b26eacd5ccdd32,google_news_rss,2026-09-16T17:22:05+00:00,Bitcoin,e5cced11765df0d544f9cecc09b7310759dd4d27cc6e3796c29d8657ec5ccd1f,Yahoo Finance,"Bitcoin Falls Under $76,000 After the Senate Stalls the CLARITY Act. Why BTC Took the Smallest Hit at 1.5% - Yahoo Finance",https://news.google.com/rss/articles/CBMilgFBVV95cUxPWmo3QnhyNGh1cGhGREVKaXJFSGhuSHRiR25NQ09OdlZ3Z0tjZWpPRE4tdTR3QV8wOWI3RllTV2FSdjNpemJOLUwyRENiTmplY0RDNGotMjhXLUhRVUxVSG8ydk5WOE1xN2FnRU51Wnc4LVhLa0VvcW5hMnNyVzdiVUcyOW9OZTZ2c0ZhTkY1SzVkeTNyb0E?oc=5
BTC-USD,2026-09-21T17:42:33.984757+00:00,en,"{""feed_url"": ""https://news.google.com/rss/search?q=%22Bitcoin%22%20when%3A7d&hl=en-US&gl=US&ceid=US:en"", ""position"": 99}",5c0c35ec1a9b60bb9bc8df3db2f780ca5c4e6cdcd25a875ae5ffc57a9b2cd6ea,google_news_rss,2026-09-16T18:53:48+00:00,Bitcoin,812769b2e03be67492555646043c1474f647169e2d698ba6d875c1aae91309f8,Decrypt,Bitcoin Core Software Update Aims for Speed and Security Patches - Decrypt,https://news.google.com/rss/articles/CBMib0FVX3lxTE9zMklZZlp2Vi1wRVVlZGtCdThaaWRxVUJXSTNFNHZVanlNRjE4MnhsWURab053c211dkVaRGlsZEhRVjFWdU91Mk45VjJwOTBRUmMzWU1OSnMwN3hCZnhOdTRjLU1Jd1lHRU1FNlhoONIBd0FVX3lxTFBBbGR2bDZ5VnZRbmtkTXE5NXFESmZ0ZTEzSFNDSFhvNlB3THE0alQ4Ti1fWVVyWUJySVJKaWIwYWZFdGFtS29Wdk1WTlRjZVZKZ2tERGxpcFA0UGRwT2FlSWwyb1NvUFVlb044LW1jT2pRZjZudFVJ?oc=5
BTC-USD,2026-09-21T17:42:33.984757+00:00,en,"{""feed_url"": ""https://news.google.com/rss/search?q=%22Bitcoin%22%20when%3A7d&hl=en-US&gl=US&ceid=US:en"", ""position"": 33}",d3d1ca2e092ac226ec17454365cc8d8cc2bb3c232bc25848d0096af9d9512e78,google_news_rss,2026-09-16T19:46:49+00:00,Bitcoin,9194864d8d0caeae0c181de75189e3d9fab2d704752e3383068dc03f6d69aa73,Bitcoin Magazine,Bitcoin Price Wobbles Before Settling After Fed Raises Rates - Bitcoin Magazine,https://news.google.com/rss/articles/CBMiekFVX3lxTE9pRGFNazRrc0lhY0RLZXJ3Q2JOMzJBQnhlamZEZE1tVFdFdjhJVkowV1VHM2ZtVWYtcXZWa0N0SnllWGxPU28zcmloWEJ3ZHRTMi1WU1NLRGJyeDl0cGdyTjd3Wk5nMjlDc0hxQkZ3NWRaTWd4VF9zdFZn?oc=5
BTC-USD,2026-09-21T17:42:33.984757+00:00,en,"{""feed_url"": ""https://news.google.com/rss/search?q=%22Bitcoin%22%20when%3A7d&hl=en-US&gl=US&ceid=US:en"", ""position"": 74}",4fd05bffd18cc24a6988a7ed9a469cd27a0596410708ef569c60bbab060e6dc8,google_news_rss,2026-09-17T04:47:27+00:00,Bitcoin,75eabc9307b0d8bf0021a38a0bdafa0ddb5ac26115150a128067fc4dedec24ef,CoinDesk,Zcash jumps 23% as bitcoin and major tokens rise despite Fed’s first hike since 2023 - CoinDesk,https://news.google.com/rss/articles/CBMixgFBVV95cUxOS3htWG5TLXdBRmFmSGZ0X2ktSWJCaFRIdG9BVGVMeHdWQjM5UTlETVRNaVJUbDBSWXdzTjMyaUZxTzE5ZWhtSGZ6OGIyVzBoYXY0Y2kyYUN2N0hxaVExRGZLamVjeENLT2VYM292MmdOc3FOYW13U3JsV1NQQ29WSmNseF9JckQ5UEh5T0hnbVEtZ1VMcFpkMk9lUjVfdXVQNWluUEJtLUhQY3BMMzNNamZQbnRWS2ZnM3dpWG5XakpJQnpXQlE?oc=5
BTC-USD,2026-09-21T17:42:33.984757+00:00,en,"{""feed_url"": ""https://news.google.com/rss/search?q=%22Bitcoin%22%20when%3A7d&hl=en-US&gl=US&ceid=US:en"", ""position"": 31}",b5a8ecb72565e419ffe3ce1888740d8049889ce64dcad8301e747260090baca1,google_news_rss,2026-09-17T09:52:00+00:00,Bitcoin,58e0cf67ab42e80e21adb24e728857a785868228ad055431527f8281275d121d,CoinDesk,Bitcoin’s 40% decline echoes 2022 as Fed returns to rate hikes - CoinDesk,https://news.google.com/rss/articles/CBMirwFBVV95cUxNSzVGUklHTVFjcUY0SEtha2VCM21tN3ZtVEJXYWpJbEhOQnJ0QlIya2VWX2lxMGdWNjB2elNRRE9MTW1kQjRCNTF5ZUR4TVh0d3M4WWtYSWdSYi1Fcm5EdzJENk9wRGl2RWZFNEp3TDZHeUpCTmFlTktxN2VlNnpsb1Y1WlE0ZFlkMk5KbnBNUFZMa1ZMeHZmdGpjV1NYazVGRDV0RWpXYnhxM3YyemxJ?oc=5
BTC-USD,2026-09-21T17:42:33.984757+00:00,en,"{""feed_url"": ""https://news.google.com/rss/search?q=%22Bitcoin%22%20when%3A7d&hl=en-US&gl=US&ceid=US:en"", ""position"": 20}",6a2b253d1d2673dc8566e598b3a1498bf30802881d71039da13a9084201c661e,google_news_rss,2026-09-17T11:40:24+00:00,Bitcoin,1a99a021ac480ad26aa7d5c0af113e2cb41f38158060a72f11de0878ce48883c,Yahoo Finance,"Bitcoin and ethereum prices today, Thursday, September 17, 2026: Crypto prices move up following Fed's rate increase - Yahoo Finance",https://news.google.com/rss/articles/CBMilgJBVV95cUxNckpPTDJOMzczTmtIWjhYUGVTMGFCWmN1T19JMVlndnNPWjB2dW1XN2FrLTY3RUhHdlQwU2VRRVF4ZHhDVVFjVURaRGg2UGJfSVlyYmRxT0kyYWJzM0lQdnNRU3lqNGlNLThHVTRxUnNXUTdQQ1FWVW82VFFwdkRXU0ZpbkFwMnU1YndwOE5CNHhnUms1M1pWRDFGMURNTlZRZVVpQWVFVjhjNTVQMlhrcDRBX0I4SEpfdGptR0FyN2xkejhXMWlEdGpxU3ljNDMxbWJkVndvZXN0R21zSkV2V0tSa2YwQ2tXeWFnWWxjbmg3cE1RWjZHMnl6WkhkZU9GeDJSdE0xWWFXWHdfSTV1MUhJYmRCdw?oc=5
BTC-USD,2026-09-21T17:42:33.984757+00:00,en,"{""feed_url"": ""https://news.google.com/rss/search?q=%22Bitcoin%22%20when%3A7d&hl=en-US&gl=US&ceid=US:en"", ""position"": 87}",cdf5faba29a4f09abd3d58b25f20541ea61a2fafeb4f9c977f9738da4437184f,google_news_rss,2026-09-17T14:57:11+00:00,Bitcoin,1d788982f96be8b9372677495fa5c87ec56c15b17241f2544361d8dad6d6f6ea,CoinDesk,Crypto for Advisors: The case for diversifying beyond bitcoin and ether - CoinDesk,https://news.google.com/rss/articles/CBMingFBVV95cUxOcWtLbERReGhfMmxhOEhmX1BXMFRRTUV4Z2M5VFhkVzdNaWxkeG9oc3RhRVFGSGdFSUV3VEp2VVViZkdoT1VDcjNvZ0NpUGF4MFMwelF0LXlQTkhNbUNpbHdkeVNkenBLUmVGMG0xM2xtdmxIaG9GUDRNUGswR19YbWxlakU0Sm9nb09aWUhnQlNMOTF0MlZLRU5PRnRSZw?oc=5
BTC-USD,2026-09-21T17:42:33.984757+00:00,en,"{""feed_url"": ""https://news.google.com/rss/search?q=%22Bitcoin%22%20when%3A7d&hl=en-US&gl=US&ceid=US:en"", ""position"": 45}",366664197c5c0acb6805de868a444f4b0b6eb010fe0fc1a3d1a707a893fd7592,google_news_rss,2026-09-17T17:48:51+00:00,Bitcoin,0c4d8f58db68b3063361a0f68d4a905f4724d7fed10c1d2201313de6e504cf58,The Block,JPMorgan says bitcoin could get more support than gold if ETF hedging eases - The Block,https://news.google.com/rss/articles/CBMiggFBVV95cUxOcGZvQmlYX2lYWEpualpDbXBXS0NOZGc5cThPOW81c1VnVGI4dDEtYXZaQ2xJZUlPckRoeVVXUjB2S09UejVsX2NaTGdpcXZlUWRheUdzNmhDQW94V0dubjFxNHlFemtYNkpIUFZxbVdjM0c0YlJLZkU1bU5vaVRRMDBn?oc=5
BTC-USD,2026-09-21T17:42:33.984757+00:00,en,"{""feed_url"": ""https://news.google.com/rss/search?q=%22Bitcoin%22%20when%3A7d&hl=en-US&gl=US&ceid=US:en"", ""position"": 35}",0b7a8f86428230291350392c8259bcfa759159e699cfd1858fcc4a858cff4a97,google_news_rss,2026-09-18T02:30:21+00:00,Bitcoin,8d459b1729cdd340f8ce0511a08a6b53d05fa4cb2933d4d662af75004980b0e2,CME Group,The Real Reason Bitcoin is Rallying as Yields Climb - CME Group,https://news.google.com/rss/articles/CBMioAFBVV95cUxNdDRUeklZVm5pMFlLR1ZZQzZxbm1tVUVmU0ZpLVgyUWRUUkFacF9sRklteGhqYTJzSl9yUFd0c0xhYS05STRHNUFOOFVZZkttUU1KQ1NfTTdPTVZ1THVSQ3ZTNmIxWVlhZ2hUQmZ4eVZHdFVxN2N3dXdmNVVyMzhxNnZYMkloNlEzWmo2MXpBXzJtcXNTUGxVcFRzWWdkYUdr?oc=5
BTC-USD,2026-09-21T17:42:33.984757+00:00,en,"{""feed_url"": ""https://news.google.com/rss/search?q=%22Bitcoin%22%20when%3A7d&hl=en-US&gl=US&ceid=US:en"", ""position"": 78}",648ffc75417eb24eda9ba89e354c4791650fc1d220e082e322fd750c4b6e5e54,google_news_rss,2026-09-18T02:38:00+00:00,Bitcoin,404a7bf245094c211f589822e0765fcbc2577a718d75d3f89e2f8d789418190f,The Block,What Is the U.S. Strategic Bitcoin Reserve? - The Block,https://news.google.com/rss/articles/CBMijwFBVV95cUxPQk5FbzhpMWUwMTk1YzFxYjZVVkU1R2s5aGxfSTlOMUYwUWtnQzJvbFUxZ2FpMnoyV3hYYWZxbUxoUGxfV0dLVDgwU3FyTnNaRjFrRk83UVpyQ2xjVDN3bktRbDF2LVJMMVduZFJWWElzUi05T2hGczRkTTBFSXVzc0hKcEdqZmJpV1I1S1ZrUQ?oc=5
BTC-USD,2026-09-21T17:42:33.984757+00:00,en,"{""feed_url"": ""https://news.google.com/rss/search?q=%22Bitcoin%22%20when%3A7d&hl=en-US&gl=US&ceid=US:en"", ""position"": 85}",98b7c70bbd91b8ff0b6005b80cde1d2365c5c18d4da563b5e6319e5707e6b2e8,google_news_rss,2026-09-18T04:21:00+00:00,Bitcoin,315bd28c89d0a86e5290451da22a6327f177aa4421683e78e4966bafb7cc8da8,CNBC,"Bitcoin community recognizes the quantum risk, says VanEck's Matthew Sigel - CNBC",https://news.google.com/rss/articles/CBMisAFBVV95cUxNZVJ2R1dXNGxIMUlzVEE1emlKNkVXVjJXM25ELUJqVEtVaDlFV2xObFdhMG1weGU1M1hPWGZkazB2ekQ2NVFodjdIbU9HVUxPYTc3SHlSRkVxUjB3NWEwbFdmZ2hmTWZ0d2lrakhFUjdUNUtEd1dnb1ZXNmduemZkQXNSZThpeTJ5V2VhZDV0dGxsdmp4N3VQWUpSS2dpWEtiRXc5aHVLYWNveE5VT3lKQg?oc=5
BTC-USD,2026-09-21T17:42:33.984757+00:00,en,"{""feed_url"": ""https://news.google.com/rss/search?q=%22Bitcoin%22%20when%3A7d&hl=en-US&gl=US&ceid=US:en"", ""position"": 10}",ea2153aacbd4c16206003e95f7e1438aa535361ea54c72b37e32020baf659fb5,google_news_rss,2026-09-18T06:10:46+00:00,Bitcoin,c193e38d76d101de49018e5c1465bc89041d039d01d6ec9336069a77bf894058,CNBC,Bitcoin is set to hit a key level by next year as fiscal worries prop up the cryptocurrency: VanEck - CNBC,https://news.google.com/rss/articles/CBMigAFBVV95cUxQQVp4TTJPZFpLR2R5bS0ycFludHhPQkpON1JMWWVja0NfUTV0aXhIQ0pRVlgyNURSQjJQZUJiaWhmcmVsVnp3WlZDdFVjWGVjbXQ3a3I1WkhXdHJmcHd6d0dERnJ3ZWZTMUZwZkhuZjR5Ri1WbEtNWnhLa1hNb1hZdA?oc=5
BTC-USD,2026-09-21T17:42:33.984757+00:00,en,"{""feed_url"": ""https://news.google.com/rss/search?q=%22Bitcoin%22%20when%3A7d&hl=en-US&gl=US&ceid=US:en"", ""position"": 68}",87a07e5c21c5cd55e965bdb09ceca5a1d6b83a43c9d53970c135d778b48324ca,google_news_rss,2026-09-18T07:00:00+00:00,Bitcoin,06f6d67ca29fe7f4e28a45261edf75eaeb474aeab442862611a2e5a108860ba7,CoinDesk,"Bitcoin survived brutal week of market shocks. Still, analysts are deeply split on what happens next. - CoinDesk",https://news.google.com/rss/articles/CBMiwAFBVV95cUxOcDQ4c1BBTHFDRVloRTM2dHlCOVdyckRiYUtULUhrX1VtQkxFOEZyR0RRNnR5WFNwdFBFOHRFd0YzNmVLWk0ydVo1bldRNUlSOUJEc2pyanhQYnk5S2M0T2F5VTZrYjVobWw0QzFheldkLXgzdGpOYjNscS1tZ05XakNyOFQ0MUxpTzhjblJBRWtqakJQT2ZHYncwb1BOMHRKaG1XU0FnbmZlMDNQS2xPMmRJYWpWaFJGbjM0bXN0TE0?oc=5
BTC-USD,2026-09-21T17:42:33.984757+00:00,en,"{""feed_url"": ""https://news.google.com/rss/search?q=%22Bitcoin%22%20when%3A7d&hl=en-US&gl=US&ceid=US:en"", ""position"": 93}",eb8c68555f3cb47f34f64f077838e83749010b8ce7e816d7015f53ab8c6c22b8,google_news_rss,2026-09-18T08:16:16+00:00,Bitcoin,d5dd29603ed0390c10d0c3cc4808f330a4b29aa241d6776501cf26167de1b105,CoinDesk,"Corporate treasuries bought just 5,900 bitcoin in 3 months. Other demand signals look weak, too. - CoinDesk",https://news.google.com/rss/articles/CBMi0wFBVV95cUxOTUxYQlVXNXdSTldkN2FTOF9fTEZYcXNCTmQtWmlHckNuclh5Q0JwdTc3VDhNVHNSR1FxeG5aUTVhZEstb2ZzZG5SOXpOY0YyVm02THFfTEE1SnBwU2N3dTRHeWdCVUhnRGlfTkZUU1dmMnRYRWFsVmNVU1QxZE9LaWltbTl2M3g5Zm5lQTFpUDNVUlR4bUZWMURSN2drSV9XWHBZYXpDNDc1ZVZCWnhnSXZseFJuaVJhZVNkb2pELWtLeWpkTHk1VWU1SDQ0czFTYXlz?oc=5
BTC-USD,2026-09-21T17:42:33.984757+00:00,en,"{""feed_url"": ""https://news.google.com/rss/search?q=%22Bitcoin%22%20when%3A7d&hl=en-US&gl=US&ceid=US:en"", ""position"": 48}",efe9b1ef4f0bbb3c9444462a4fe7800678b2a409134655e9961086ca875382e1,google_news_rss,2026-09-18T11:33:56+00:00,Bitcoin,ace3c0a67ca07dd28c4e78b953087a170bd7b9ed79141c8a41faa6f8ee6b3cf2,VanEck,VanEck Mid-September 2026 Bitcoin ChainCheck - VanEck,https://news.google.com/rss/articles/CBMirgFBVV95cUxQdmpNNk04MlFTcDF3Zm5ONTlzSmlxVXhYVTRxSXJ1ZjVXXzJnQk5MR3pvTW9CaldPb0NEM1M1ZFJkd3o1UG1SNTAzRjVPVGNlUXJNVFBZTnhHQWJ0Z00zRTlWY1F1WkN1dlhjcEFUS0ZUckNHUmlicms4bVRWQ1BfMmpTRFBoX2RubUs1TUxEVm1HSkJRUGZjVWt1bjlHMkJzV2JZZ2FHZTEwdkdJOEE?oc=5
BTC-USD,2026-09-21T17:42:33.984757+00:00,en,"{""feed_url"": ""https://news.google.com/rss/search?q=%22Bitcoin%22%20when%3A7d&hl=en-US&gl=US&ceid=US:en"", ""position"": 16}",e6be2067e88ed96167f5bf9e0535ee6ce8ebfda2905d897b2c58349677516e56,google_news_rss,2026-09-18T11:40:25+00:00,Bitcoin,0ecb333b634dcb7378a97711f34932cda0717f5c4050fd4767137d7a42026637,Yahoo Finance,"Bitcoin and ethereum prices today, Friday, September 18, 2026: Crypto prices rise as investors move past CLARITY's failure - Yahoo Finance",https://news.google.com/rss/articles/CBMingJBVV95cUxNTV9sU2xHMlR4OUFmaE82Rm03eXR5SFlEZUE0TnhKeFhlXzZxQVJxWE9xVXg1RHdjZ1p6NUZLWTNMVDZINnFSWWxJSktPbjVIUkVQWGMzd0pMU3ZYbjVMZlFjc1M1RnpCZHAzc1JCYTNudzJzblJYSHF3R1NOZlBvdkZjemdwcmstR1gxZmQ3VEQ2d1dOT25jT20yM3VfSks4Qy0ycHZXZmxDMHBGNVJZM3RQTE1BSktOVnpjTXFZSGtMV0U5X0tlWW9hOUpDOXlCSU9yUXJwR2E5MVhDT24xekV5ZXhET0hrbkotclVWczZ0ZlBGSnYtVUtHNnl6dDBWbG5RMVNpTHVSaTN5MnpIY0JRM0IxaE5mMWRIR0l3?oc=5
BTC-USD,2026-09-21T17:42:33.984757+00:00,en,"{""feed_url"": ""https://news.google.com/rss/search?q=%22Bitcoin%22%20when%3A7d&hl=en-US&gl=US&ceid=US:en"", ""position"": 49}",6582d483df88406c6b44e444f8ffba46ba7c6b5ec1199f151c193beb5991836f,google_news_rss,2026-09-18T11:48:34+00:00,Bitcoin,3fe50b8bc8f65a12b82d8ee8a70ee853ea0b31ece2ece533a48d0b1f428226c8,Forbes,‘I’m Back’—Kevin O’Leary Issues Massive $15 Trillion Bitcoin Prediction As Price Soars - Forbes,https://news.google.com/rss/articles/CBMi0wFBVV95cUxOdXR5R3FZX0lzZWdBY0hpcG5BWWlKRS13VG9FVzZYOERyZ3l0RDlYOUxsYk15YXNIT1pLMnFNelMyTTdpbkhKeFE5LTVoTXpHcmNhTlVUR2FnZ1V4bFI2d1ZJTDdpMS03YXd2UE83T1psNjc5RGRIdnRhQzIxZE03TTQ4WWwzYVpNVTBKNDZnaUZTZ2c0YjlyMTI1OWhLckQ2LWRzVE1NZ1JBbmpxcTlpSkg2NUNqQUZrOXdnWUhrYU1ZazUtamRUbTRpTlUtMXZFZUZZ?oc=5
BTC-USD,2026-09-21T17:42:33.984757+00:00,en,"{""feed_url"": ""https://news.google.com/rss/search?q=%22Bitcoin%22%20when%3A7d&hl=en-US&gl=US&ceid=US:en"", ""position"": 2}",798a8c99076594e2ef7f9fab4b1a2bb1895c36323b78f2a8be39702aa61ea780,google_news_rss,2026-09-18T12:00:00+00:00,Bitcoin,3f3d090de60482ba05b7ca1d19ece1c3f00b7e4190d9755883097aa4ad9caf24,Fortune,"Current price of Bitcoin for September 18, 2026 - Fortune",https://news.google.com/rss/articles/CBMiZ0FVX3lxTE1IQmVQWWM0SHZSOHRqTzJlMnRqamFHTVJ3YVVlSEZhc0JYbExXLUVjMmkwRGVWRjFaZHNBQW5vdTc5M3pxeTBvdzhGNmo4RTZOTFlUaUpvRWxOOXBoV2ZnRlhvUTRwU0U?oc=5
BTC-USD,2026-09-21T17:42:33.984757+00:00,en,"{""feed_url"": ""https://news.google.com/rss/search?q=%22Bitcoin%22%20when%3A7d&hl=en-US&gl=US&ceid=US:en"", ""position"": 9}",56c4c29f75ab6a66ddff68a9d2a05d78ff6fa89608fbf4f036a441cc4b64fae6,google_news_rss,2026-09-18T14:58:57+00:00,Bitcoin,af6a91ee1796de89aadda920fdc6cfbfda81937a785298257cba6ff9f7415efb,Yahoo Finance,"Bitcoin surges 5% to top $80,000 as investors look past Clarity Act's failure - Yahoo Finance",https://news.google.com/rss/articles/CBMiygFBVV95cUxQQXFtZ2hIbkZNVDRDVlhiN2h2LUdSWHpNSFRscjBFZTFZRUdmNDZlaHdiaFJ1Qm5FY1E1bHlwQXB0bEVCNTBpanA4Vkp5bjM1Q3gwSVRfQ1hjZWpWRWhZcDBWZVpfQTNybGRwZ0tyeU9GS0czMl8tdFQybFlUZkNNWlJucnBNa3U2LTMtV3dDa1dUV3NneV83enJYdUgtOVFCa2JjTEc1VXVMdU90NU9XVktEYW1GSm9IM0RoNXZWN0QwUGprYVJ3ZjVn?oc=5
BTC-USD,2026-09-21T17:42:33.984757+00:00,en,"{""feed_url"": ""https://news.google.com/rss/search?q=%22Bitcoin%22%20when%3A7d&hl=en-US&gl=US&ceid=US:en"", ""position"": 92}",9c333217e5ad3050c847e7882ef35480f6b1c0ece712b775da0f159237f43c7a,google_news_rss,2026-09-18T16:46:48+00:00,Bitcoin,5658c1c59baba6b5598900d4a047a198d576dd29173602036e888edd11917ffa,Bitcoin Magazine,"Bitcoin Price Surges Over $81,000 Despite Clarity Act Fail and Interest Rate Hike - Bitcoin Magazine",https://news.google.com/rss/articles/CBMidEFVX3lxTE5DLVVDZWFpWWxfQzVoanF6dkl5QUc1cWkxZHNwWC1maFBiUG4wNjI4STZJRmRvZ01TNXE5emRHQ0VBdHpPb054TWhFUHhqS2sxU2k0SU1weVpWVG80VjlzSDdhd0NWNjRoNXExU3Izd2I2VHp3?oc=5
BTC-USD,2026-09-21T17:42:33.984757+00:00,en,"{""feed_url"": ""https://news.google.com/rss/search?q=%22Bitcoin%22%20when%3A7d&hl=en-US&gl=US&ceid=US:en"", ""position"": 15}",ba0cdf9af8a38bf757b5496c65075a7c5c39af4e96cec878925980ca173dec55,google_news_rss,2026-09-18T17:03:50+00:00,Bitcoin,b08f698a9a13a1746b3efacad66de52617efd327606d46588ca3f093f29d389e,Yahoo Finance,"JPMorgan Values Bitcoin at $266,000 Against Gold. Why It’s Trading Below $81,000? - Yahoo Finance",https://news.google.com/rss/articles/CBMinAFBVV95cUxQTDFNQnEtWEpVMEgxTmE2dkREN3dDZVdqSWt2eDNvUEFSdVBlMTdMS1lHN2EtSkxLU0NMM3VwY0c4cUQ5MzFEeUtlZno3X0dhT0RnS241Y0tQdHZETlpicHk2TjgyT3lBWGs4QXBkRUtqT1F6LVVoRUNNNGQwTEpSVDcwRjhVRW45YzY2WXAyQkFQS3VDZ1pFQjBVTFg?oc=5
BTC-USD,2026-09-21T17:42:33.984757+00:00,en,"{""feed_url"": ""https://news.google.com/rss/search?q=%22Bitcoin%22%20when%3A7d&hl=en-US&gl=US&ceid=US:en"", ""position"": 27}",5cb59ec0fceafed274b8de857a4f1a6b10c6c73867414499fa2951c54d15d9c9,google_news_rss,2026-09-18T18:32:00+00:00,Bitcoin,63b95a36effbee5e5756f4e6f82715a3b70ce0e66ebdb1c3b8d464b01d76b95d,Barron's,"Bitcoin, Strategy Stock, Coinbase Surge. Why Cryptos Are Rallying Against All Odds. - Barron's",https://news.google.com/rss/articles/CBMihAFBVV95cUxNLWxxSUpCZk1JVkJ5ajlxLWZZcU16Q09tSDBtbUxCTmxsM3lhejlxX3ZCbnEwSk1MMkVRb1BYYWkwb0NNdmU5SzdreUN6b2wxVWJ4TU91YWxxMGVBUERpcV94bjVKdG1qbnRUYThGMm10VmhtZl9nUklwLVZpU1JOVXdjaWQ?oc=5
BTC-USD,2026-09-21T17:42:33.984757+00:00,en,"{""feed_url"": ""https://news.google.com/rss/search?q=%22Bitcoin%22%20when%3A7d&hl=en-US&gl=US&ceid=US:en"", ""position"": 51}",2c88c46391e9636dd98b966f26561caedaf4113c49a91ed5541f5aa7abc77a76,google_news_rss,2026-09-18T19:58:00+00:00,Bitcoin,2093cc8df69ad3293e906aec6d2e51fd95b85ee0b8fe875e3dbaeaf8339d52c0,The Motley Fool,Why Bitcoin Is Up Today - The Motley Fool,https://news.google.com/rss/articles/CBMidEFVX3lxTE5tdUlfRXplbjNVTThoZzZqWGF2MjlvU1RlMjh1aEF0TFRCWkZTX19Ia0JBNGxWYXFIYjVZNmd1aGpNSml0V1dGZDJpQWx2VVBBaTE1SzY1Y3Q1bFBaRUhLT1QtUUtfelZiblowc0lvaHVKOGlK?oc=5
BTC-USD,2026-09-21T17:42:33.984757+00:00,en,"{""feed_url"": ""https://news.google.com/rss/search?q=%22Bitcoin%22%20when%3A7d&hl=en-US&gl=US&ceid=US:en"", ""position"": 62}",4f3434a7a820b462fc1b6b6b81eee9092529ecfcb6216744362eee055659dcc6,google_news_rss,2026-09-18T22:01:00+00:00,Bitcoin,d4e4d152c2a5269e51f7c572c52ce6bc1e5f45a2bf2a8be6b25e70e95bfdd44c,Yahoo Finance,"Weekly Wrap: Bitcoin Climbs Back Above $80,000 - Yahoo Finance",https://news.google.com/rss/articles/CBMinAFBVV95cUxNcTctd0dHaWRvVldNejZuV0d2Xy13Q3VRaTBOdjdzVldjYWxVOEFWZWJiakM2bWtJLU9NOVh6LWlYS0ZuV3dsMzFQOHFvXzBKaHlDSVhxb3lack9fcHUwQWwwUjhoSDVMLTZNbjZPbEMwMklzeU93T2xBWTltbmFOa3YzNXRZZlEzcXYyUzZSVVlrQnRGTHhuTUZ0Z0U?oc=5
BTC-USD,2026-09-21T17:42:33.984757+00:00,en,"{""feed_url"": ""https://news.google.com/rss/search?q=%22Bitcoin%22%20when%3A7d&hl=en-US&gl=US&ceid=US:en"", ""position"": 54}",2f0de64c8973bb8eb741ff7fb30ba61f43aee524aabcbd3c3714f92d2db3f5a6,google_news_rss,2026-09-19T02:55:47+00:00,Bitcoin,820f335bab303dcee346def547aafe89a633b0475940175fa98e10847abbc744,Investing.com,Bitcoin jumps above $81k as short squeeze offsets rate and regulatory pressure - Investing.com,https://news.google.com/rss/articles/CBMi0gFBVV95cUxNVW5iYWkzei1vVF8tS2JtZWFBX0ZNMTFlVVRSOU1GZ3d3NDQzQUtKeEhld3NwZWNPQ1hvYTgzcEdhUnVBX3pZdlptNW03OXZQT20xLVdCY1g0dUNTRG9uRXp3aG1PX0d4a3lXWmVBeEU3MndJNzR6dTVnaTBRd05zVVNyWTFMRlpNMEdBVE5lZXNtREF0aEpUYWV0Q2l6cDVQVlBhUGlPdkRNRUszdGdmYnNLX3FxRFh2Y3drLU16eWlJak1VZ2draXB6T0hiOFBMWEE?oc=5
BTC-USD,2026-09-21T17:42:33.984757+00:00,en,"{""feed_url"": ""https://news.google.com/rss/search?q=%22Bitcoin%22%20when%3A7d&hl=en-US&gl=US&ceid=US:en"", ""position"": 6}",54d877e6afa4cca39e2d2be19983bacfe88df1516ff78c20ec3bdf9b3ec802fb,google_news_rss,2026-09-19T11:59:55+00:00,Bitcoin,9f19c06bf7418ab926914f11ab87df455fb79df09bf12b40ab787930da754bb4,Yahoo Finance,"Bitcoin is back at $80,000 as rest of crypto joins the rally: Chart of the Day - Yahoo Finance",https://news.google.com/rss/articles/CBMizAFBVV95cUxOREJCWC1GV25HM0x1bTVJZ0pFNU85UmVXMHNRVWdNb0tyeTFKTnRUWFZMMVE0dEtRaHNLdHBpSDFlZ3ZzYm53d3dOb3RFYmwzdVd2a0E0WGRqUkppeXN1bDRhRWYxYUpxZ2Y3U0VPYkk4X3htZWtVQ0ZyenVXVWNsdmI2TjAtWGdnZGF2b25kR3pRaU9YdmFmS3h1a2tTZlZ4dTFoVldmLVotSWRTVUUwV25ENFlGczJLdl9FS2xKak5TQ0NQdXRheXhxU1g?oc=5
BTC-USD,2026-09-21T17:42:33.984757+00:00,en,"{""feed_url"": ""https://news.google.com/rss/search?q=%22Bitcoin%22%20when%3A7d&hl=en-US&gl=US&ceid=US:en"", ""position"": 40}",edf6953c80c52b0995ad937a6e876f869cfe03193f3cd714d47fcc326c9c97dc,google_news_rss,2026-09-19T12:13:57+00:00,Bitcoin,66bae48a4f2ce4bf86cbe79766426e67e34b746569fb3bf4f2634573a1de3ef6,CoinDesk,'The orange tie stays': Michael Saylor responds to venture capitalist's bitcoin obituary - CoinDesk,https://news.google.com/rss/articles/CBMiyAFBVV95cUxQT3VLSm5MTk4yakhMd3ZYam4yMXM0NjRLYkZkWnJCUm9mTXBmS3RpdFh5UkpNdUcwWnBWNngxdU84ODJ5WmtONGpzWVBDa2VEaHlKTzY5WExQTWd5OWd4TGVhRlJfRk1XVW4zTEhPTzRreXJUcVhvOWtKUnVrbjZBelZpSFkwM1hnZ25FR3ZiaWVfUGZaSFJNczdlTmZ4aS1Bb2Z3M2RJQXEyS2t2dlNOcUtPa1A5cjZHZHdpLXlURkM2Rks1Y0d2UQ?oc=5
BTC-USD,2026-09-21T17:42:33.984757+00:00,en,"{""feed_url"": ""https://news.google.com/rss/search?q=%22Bitcoin%22%20when%3A7d&hl=en-US&gl=US&ceid=US:en"", ""position"": 19}",74632221beaf0a8c2e4dee77cfeae53d638ba4e8b2cecd3e0745221046fbf574,google_news_rss,2026-09-19T12:24:00+00:00,Bitcoin,e11ce51510416718dca710c3565cc09338c4d833a663709ace57693051238872,Yahoo Finance,"Can Bitcoin Reclaim $100,000 in 2026? One Factor Could Decide Everything. - Yahoo Finance",https://news.google.com/rss/articles/CBMimAFBVV95cUxNU3piVkxFSi12UG41M1ZPRjNleVlGdU9rc21YemNKS0RQbVNyRFp4MGViRG9oX2F2RWQzbTY0OXpmUTVITWVobm1aQk1TRHRJYmhfb1htQmh5d0tmODdqWmkxSkNYa21YOEhMNXhHZDV1YWpsTGtYWEV3VndXLWszTzdrNXNabzFYVzU2cC1vemUzVHJKaTNIcw?oc=5
BTC-USD,2026-09-21T17:42:33.984757+00:00,en,"{""feed_url"": ""https://news.google.com/rss/search?q=%22Bitcoin%22%20when%3A7d&hl=en-US&gl=US&ceid=US:en"", ""position"": 30}",4a92d536476f029e7b465c469db8049323ee02bfed9ce22f9afde69f5a3cac8f,google_news_rss,2026-09-19T14:23:46+00:00,Bitcoin,5e6cc2d629105e6d275604b93449c396cb71f6c5843e00e580c943810189af30,Yahoo Finance,"Cathie Wood Says ‘Bitcoin Is Not A Dead Cat’, Days After ARK Sold Its Own Bitcoin ETF - Yahoo Finance",https://news.google.com/rss/articles/CBMimAFBVV95cUxOZi1jaG51NXZnQ3E0eUhvOHh5VHNuSm1SMk52OXFzZ1pLT3pMX1pxbjR3YndBZEFkUV9LZDRjcWoxd091R2N0dTRFZEJnendhSW1XaWlUR3RYYUhKU0FkaS14VzQ3RjVpSEdUUm1LU1VtcngyZkRrc0RjaHVXR3lDZUdjSE5VdnZud3VHV3VHc0tLaXp5NkU2SQ?oc=5
BTC-USD,2026-09-21T17:42:33.984757+00:00,en,"{""feed_url"": ""https://news.google.com/rss/search?q=%22Bitcoin%22%20when%3A7d&hl=en-US&gl=US&ceid=US:en"", ""position"": 69}",1fc41dd71e463f3f5b3dae9a668e7f0d656d6efc9bc5c1f797575efad5d50a34,google_news_rss,2026-09-19T23:35:16+00:00,Bitcoin,aac998bfb75abf17938d6253d97a90424ab6945d74efb1e1062b966075755a39,Yahoo Finance,Bitcoin ETFs Now Own 6.29% of Every Bitcoin. What Happens When They Hit 10%? - Yahoo Finance,https://news.google.com/rss/articles/CBMikAFBVV95cUxQWnd2V1pFNEx5UjFTRGtYcEJTSkhueVp5V2JxMHBHNU5hZlFoTzNlYWl5aFFoNF84NHJTNDRmeTJFY0RISVZJNU4zMDdQNGhTcFBEbWJxYkx2TTRNSUFaNl9mY2VhYVNVQWU5UGhYZlNmLVNpem1WN19WSlVCNFZKSzZhcVRzbk5PYzFYX3B5RmU?oc=5
BTC-USD,2026-09-21T17:42:33.984757+00:00,en,"{""feed_url"": ""https://news.google.com/rss/search?q=%22Bitcoin%22%20when%3A7d&hl=en-US&gl=US&ceid=US:en"", ""position"": 70}",659a8219a8994c127250d5ee1da116a2f1ff141f2249af128bf247619b842325,google_news_rss,2026-09-20T01:08:00+00:00,Bitcoin,b5e272de8e58f9cc304fd92f381c9894d34755d1104427976739d55f31f389d7,Yahoo Finance,"Bitcoin Broke Above $80,000. Can It Close Above $83,000? - Yahoo Finance",https://news.google.com/rss/articles/CBMilgFBVV95cUxNZGUta0ZYbE5PU3o5anNoVno4eWg5VDRuejRFZnFVRXA1dGJYNEVJa1MxUHRIdHIwdUVQSUxoaTNkYWdOQXpMQVc2d3FOai1FM181Rk1VdlhjWGlSMVozdVpsZUFNVXZKemM4MFJkb3NsT2gwd2lOQWc4WFRDSHl2OHk0eXFTdlFyYndLcUh4UTFSSjQxRlE?oc=5
BTC-USD,2026-09-21T17:42:33.984757+00:00,en,"{""feed_url"": ""https://news.google.com/rss/search?q=%22Bitcoin%22%20when%3A7d&hl=en-US&gl=US&ceid=US:en"", ""position"": 96}",0fae95ccf1faef9c31b9f8fcd690cf64cc2a2feb81e1441ee85d3639a422bf1e,google_news_rss,2026-09-20T01:14:00+00:00,Bitcoin,d9ac8fdc6994ce9e9e363f5d0d9fe18dd39f7cc43c7ce7f32559e5335a6d516c,Yahoo Finance,Hyperliquid Surges 18% to New High as Bitcoin Sees 5% Gain. What’s Behind the Divergence? - Yahoo Finance,https://news.google.com/rss/articles/CBMioAFBVV95cUxQbjJRT0NhcVF5VkxrZWRReUE5ZlhZTlB2Y19uWW0yMmtVdTJfYnhEM3dMd1dMLWpyRmlOdy1uTUhhbVFXcm5qMUc3XzRjUjlpd0ZTWHFBV2Vhd1l6dTNTcG5OampOcFA3RExUalFjUFZNaTJFRlVIQjBXYkpoSkc4VDZzOVVkYjcteDBSelB4Umk0dmdUN191OW94bEtHeVM1?oc=5
BTC-USD,2026-09-21T17:42:33.984757+00:00,en,"{""feed_url"": ""https://news.google.com/rss/search?q=%22Bitcoin%22%20when%3A7d&hl=en-US&gl=US&ceid=US:en"", ""position"": 3}",c7658270f4321a0f6c9d9da02959e94be137f28bbeebc0b68c581524d6c7c9b5,google_news_rss,2026-09-20T09:40:00+00:00,Bitcoin,b8090efe3ea6245380d44c25cb9c86766681ceac2fb447c42986342684b3e673,slate.com,How Bitcoin Became an Emotional Tether for a Specific Type of Lost Boy - slate.com,https://news.google.com/rss/articles/CBMioAFBVV95cUxOS2Fya2hHWGRsSHVFZWtsbXZBUXh2cjlYeDNidjRaZzRIR3h4YmtMb1RYN21DU052RkNQTjk3djVoVm5UTGFEVFF4TlFSdGpVYjRnOGNUbVJkaDNoR01IN3lXSFQ2MUZKb1RQRmF6OVFBVGFEbkxjZlg5RWQtX1NrOEVZdmswZkZDZ3ZpYnpIaXJTU25qMm1pWHZlWWpfYkdE?oc=5
BTC-USD,2026-09-21T17:42:33.984757+00:00,en,"{""feed_url"": ""https://news.google.com/rss/search?q=%22Bitcoin%22%20when%3A7d&hl=en-US&gl=US&ceid=US:en"", ""position"": 95}",2b2012bbcb373591e0be696bee649d20c016e1b1f29678feae9b458f50cbd045,google_news_rss,2026-09-20T14:01:03+00:00,Bitcoin,1ba2241c66f0b3dd74c8e0cb4e91a3e41bef2483b3c13016042f1d2bc333b7d6,Decrypt,Why Holding Anything But Bitcoin Has Been a Losing Bet for Two Years - Decrypt,https://news.google.com/rss/articles/CBMic0FVX3lxTE05dGtMT2xCTzdPa2JJeURSc01UUlJzcDdzLXhxRWFvX3pTZUNQa2JveEpaVlg1UFU2NkM1aHV3UVNtT3JsSEtBTU01UHBJMWs4MUw2V2pwS1lyRUFZLXhxTkNkQWRmVkhGMDFNTjFZUXhrYlnSAXtBVV95cUxPbF9GbVNBWVZYN3l6cXREZGh4OER4TF9aUXRJM29KdkV0RzZpb1lUT18tRXdUcm40WFNqdzh5bEZydVJyQ3hVdTd6cndpLWpNdWsxcUlvRy1nZnl2QlR0STVCRm1SVXhMTExub3BmOG5OczQwWmtLRHQ3b2M?oc=5
BTC-USD,2026-09-21T17:42:33.984757+00:00,en,"{""feed_url"": ""https://news.google.com/rss/search?q=%22Bitcoin%22%20when%3A7d&hl=en-US&gl=US&ceid=US:en"", ""position"": 36}",3c06c4c7a07f789e7e4ab4a1024431a97666de52f53b8e115edfef5f4b59937d,google_news_rss,2026-09-20T19:23:07+00:00,Bitcoin,292d35be408019be93fb1c077d4c1fbb32a7477db541285bb9cffb9fff217c7e,Yahoo Finance,Michael Saylor Hints at More MicroStrategy Bitcoin Buys After “Dead Cat Bounce” Debate - Yahoo Finance,https://news.google.com/rss/articles/CBMipwFBVV95cUxPS1BoLVQ1S3pqcHJYMXF2RFpXRy1laWN1WXFLUlhnQ1l5WXlxNVhBblZWYTBkRmZEcDJYLXV2cXh0bUE1NEtWdV9ENlpkTkhjUlpCYmRlcFNNdjR6WXF5RFM5d1ZDNlppWERrMHc0OHB5X1BpMVIyMFYwX3FwVGlOel8zLTRMeDgyQ3Z5Z0NVWFZydk5mN1FqY0hYa1pEd1A2bmR3MWhqTQ?oc=5
BTC-USD,2026-09-21T17:42:33.984757+00:00,en,"{""feed_url"": ""https://news.google.com/rss/search?q=%22Bitcoin%22%20when%3A7d&hl=en-US&gl=US&ceid=US:en"", ""position"": 8}",cf4ed6a07247c8115b42c4e712f39a00b78ec4474771fab51d2d993bbd8eb2e9,google_news_rss,2026-09-21T03:56:23+00:00,Bitcoin,73c6e2d6d5a5c533ea98651a5359972e81cee8ee822ff23fef8e56278f91a3c4,CoinDesk,Bitcoin’s price has cleared a key hurdle that has historically preceded major bull runs - CoinDesk,https://news.google.com/rss/articles/CBMiywFBVV95cUxQVk1maUhFU3FjNDkxTV96QjNTdU1nZ1ZfUXZISWs5NEVHTDRqSzJtNmUwV3pjS20zM0lhTVpNdG5iUDU0S2FmTXRqeDhyRnF4elZnRDVoZjlfRUZUeDBZT0N2MklZU2VDRE42Tk9teFp4MG1kbHd3bTdiODRQV3BBUFBBckROcVBaTVRsX2sxaS1wR1ZZRFlnX1hCSExjcWZBb194WEdqaG5ZX3NUMFQ3Z09tLWRHaDN3TkRMWEN3ZWdZQnllTktvWGRUYw?oc=5
BTC-USD,2026-09-21T17:42:33.984757+00:00,en,"{""feed_url"": ""https://news.google.com/rss/search?q=%22Bitcoin%22%20when%3A7d&hl=en-US&gl=US&ceid=US:en"", ""position"": 77}",f15afccc7672b54b8c13476dae5615f0f6e9738d856a322aa1946e5d22d81511,google_news_rss,2026-09-21T04:03:43+00:00,Bitcoin,529735717ff71ed3e16b5eff3cf984984a09c6251534920e3520a5da7f6621bc,CoinDesk,"BTC, ETH price news: Bitcoin above $81,000 as NEAR jumps 23% on ZEC swap traffic - CoinDesk",https://news.google.com/rss/articles/CBMitgFBVV95cUxNdnNnLVlhd2RTSjV6b2JqS3hqb0dqb0plRXN6NDV3UTd4ckpzMDdqbFprMVVpUFZObWtqNVhzQkN5YUxYb2JxR3NsS091WkllMU4yTTFHSHUzUDg2dVdIQVhXZndfc1g4Z1FtU1NHVHo4WFItUnZ4bUoydlVFeW4tVkpnMGhJb3FfQTZOdjNZelVMMlZZTmNjUFFnX2ZCM2xfTHVVU2NwRDJmNGtCaXBiNzNfZ183dw?oc=5
BTC-USD,2026-09-21T17:42:33.984757+00:00,en,"{""feed_url"": ""https://news.google.com/rss/search?q=%22Bitcoin%22%20when%3A7d&hl=en-US&gl=US&ceid=US:en"", ""position"": 21}",e43a9f7c0c0bd7b032c532b31d7427cfa6bb607c38875eec79e444be774ea6cc,google_news_rss,2026-09-21T06:20:00+00:00,Bitcoin,a4f7f474ec64c3911073aef07edd1da63271613af3bf94aefdcffb3dc562d9eb,Yahoo Finance,"Billionaire Tim Draper Predicts Bitcoin Will Hit $250,000 Within 2 Years. Here's What Needs to Happen. - Yahoo Finance",https://news.google.com/rss/articles/CBMipwFBVV95cUxQMHZ0MG1Ob3NxRTQ0SXhwVXZVTVRhUGtnenc0Tmw4N2MwckdNZTJoSGRwZjllbWVQWlY2aEFkRV83V1ZXbnh4eDloc1hLLXlLcThmWG05NV9fcmVUY21ZQ0RDSjZFbklzc1Rvcld4U2NGaGExcVQ4SzJCdDVSRWxINzVrQkhWMDRCbnJ2MlFYaGZENl9yc0V2cmdMcUFqVFoxVllONm5wOA?oc=5
BTC-USD,2026-09-21T17:42:33.984757+00:00,en,"{""feed_url"": ""https://news.google.com/rss/search?q=%22Bitcoin%22%20when%3A7d&hl=en-US&gl=US&ceid=US:en"", ""position"": 57}",ce87ef342a7d31ea4c345bd19d979732ef8a4b80f36f4cea427ae7d30b72af89,google_news_rss,2026-09-21T09:17:00+00:00,Bitcoin,8a9bd05517b2780680ac43ff479b2fd3340300cb026d1c757447d318518f9b5a,Yahoo Finance,Better Buy Right Now: Bitcoin vs. Dogecoin - Yahoo Finance,https://news.google.com/rss/articles/CBMilAFBVV95cUxQZkExcUJ3NFMwZWctLWswNWVsWFhfLWJSSlBnYjRSNnpfaG5IVU9LQUNMd011NS14R1dUS05HQ3pLNWxlVjdOZFA4VGxLa3BUR09oMTR6NUhmWjUxU2ZCUkg3WEhLTndfaVJ3Y2RHWXBoNkdTM1BZd0htaFRERm5pR0hpUnp6SWs3SU9pelFXWFg1dFlB?oc=5
BTC-USD,2026-09-21T17:42:33.984757+00:00,en,"{""feed_url"": ""https://news.google.com/rss/search?q=%22Bitcoin%22%20when%3A7d&hl=en-US&gl=US&ceid=US:en"", ""position"": 28}",3d82408f37e994fde55edf87c8e873f6f5cd65065a59b1b6a8f40cbc60345268,google_news_rss,2026-09-21T09:26:56+00:00,Bitcoin,4b28be8f9d8b95b51c6bb491d90fb09d8bf130a2c8deb41594665ef7274bcd71,Yahoo Finance,Bitcoin Rally 'Makes No Sense' as Tokenized Stocks Threaten Its Store of Value Case: Peter Schiff - Yahoo Finance,https://news.google.com/rss/articles/CBMimAFBVV95cUxPOXNKS0VZUG5CUGczbU1Ha2VUOHV0YXpnZVAzWVdQRTVRaFlDUVh5TnYtRktlMnpKS1NDd0ZXejVUXy1Ia0wtTTlLU1ZNUW1adFhIUjlzRlN1RU9EaWZLTVlUbzBWQ1FWVTZ2RWFoVHVpMXZLbkk5ZVBmV0dUa2VfYVFHX081WXVkVnV5d0ZROWxaMko0ZlRRaw?oc=5
BTC-USD,2026-09-21T17:42:33.984757+00:00,en,"{""feed_url"": ""https://news.google.com/rss/search?q=%22Bitcoin%22%20when%3A7d&hl=en-US&gl=US&ceid=US:en"", ""position"": 26}",276393657254e559dfdd71c05c6c678e19453c887ffdb185afe35c968fdad76e,google_news_rss,2026-09-21T09:53:00+00:00,Bitcoin,5e942033f4267b9921327642cde1083bb20a71405b5e0d66bc93ce1cdb38b848,Yahoo Finance,What Is Driving Bitcoin Higher Right Now - Yahoo Finance,https://news.google.com/rss/articles/CBMilgFBVV95cUxPQWJDZEdKaXNiUjUwdGppbGVXWDB3TVJ5OTdhUlNheHVaSTdSYWRScFZ2NmxrSTNUM0VYdHk2cjQxUEhncTY1MEZWMFloLUxzY1M2ZmltWjRJVEp5OTdDc29DdHpBSUNFQVNvTHhxUnVTOWpzN1ZTdGthaF9UZDZMWFo1ZVRLcmh0ekZ6X3prZVRGbGc4TkE?oc=5
BTC-USD,2026-09-21T17:42:33.984757+00:00,en,"{""feed_url"": ""https://news.google.com/rss/search?q=%22Bitcoin%22%20when%3A7d&hl=en-US&gl=US&ceid=US:en"", ""position"": 39}",457db176aab991887408e9622aed050b2e71dde4382f39bc5e5ad50de663ba8f,google_news_rss,2026-09-21T10:33:00+00:00,Bitcoin,5c430ae42a9ee07ab0cbb249b8cd7579921170ec4559c3fc83105f0669f37770,The Motley Fool,What Is Driving Bitcoin Higher Right Now - The Motley Fool,https://news.google.com/rss/articles/CBMiiwFBVV95cUxQbVMwby03eGNTOVlRamdEZVNQQVNHUG9KbkVLYU1CdlplVEhPeDNVTGhtZmN5SGR1QnFKdnphd1ZqSi1qNXFaXzFUOHFrN0xma2tvMHBYaURPY1ZHdjFMcmxGR1ZrMzN6Z1d3LVhxd2tPSXFfYi1qTUtsZ29FWXN3aWdhUWQtanlfUm40?oc=5
BTC-USD,2026-09-21T17:42:33.984757+00:00,en,"{""feed_url"": ""https://news.google.com/rss/search?q=%22Bitcoin%22%20when%3A7d&hl=en-US&gl=US&ceid=US:en"", ""position"": 4}",3fe23f7dc6ea7894a9a6f089870f5b15574fd04cb3abee19ef7a48122927a3bc,google_news_rss,2026-09-21T11:10:55+00:00,Bitcoin,f59fbeec1c24ac62092a7a7aedb142d04d0acf3c888fcfd20b2fbb7dc7db0943,CNBC,"Bitcoin hits highest level since January at $85,000, as the market debates whether the 'crypto winter' is over - CNBC",https://news.google.com/rss/articles/CBMicEFVX3lxTFB1ZmdGWG5ublkyVnNGaHplY002MVBfV1g0a1Fpckd0N2lRM0RsSWk4R0R1cjQtVXd5T2dhRERVdFc1MVctWndZWTQ5TTY3dlhwOHNVTXVrNnh4SmkyVjRodWQySmF6Zzd5SkdNdHNSY2bSAXZBVV95cUxNdE0zQ2N1bUlzeERWOEpqWGcxNnRwemNMZWtmemdsRnIwbXpuRnJvdTdON2xnNUF5ZmZoX212SWZORE13Y2pONVd6NnR0S3lYTDJNM2pqN0lLVGhZTDJBeHJVbnQ5XzVkSVlLMHZqdDBzUnlEbGZB?oc=5
BTC-USD,2026-09-21T17:42:33.984757+00:00,en,"{""feed_url"": ""https://news.google.com/rss/search?q=%22Bitcoin%22%20when%3A7d&hl=en-US&gl=US&ceid=US:en"", ""position"": 73}",419c0952fc56fc1cfb2143c375970f3ab4f8fa0f80052b09419a961a9bc34e14,google_news_rss,2026-09-21T11:17:15+00:00,Bitcoin,dfa791ca5ea294a2813e371806fdf6844d0d9fdc078608998490ecbd4b8ebcca,Yahoo Finance,Bitcoin Surges Past ₺3.9 Million as Turkish Lira Hits Record Low - Yahoo Finance,https://news.google.com/rss/articles/CBMikgFBVV95cUxQX2RNb1AwNUE3OWdaSTE5elpZYmZkZ29JWTcyNW10LTB2eld5WndqdTlEMGlUYWF1UmJXN01ua2lNbG5qOVRlYmF3UW1LX0lTQUVEUGYtTmp3WWxkQUZpV1FSS3J2MXRTeWlyQTN4Ml9oX04yRC1YZDI3ZkdZQngxeDNMUi1fWG8zNU9PMEFzTXMwUQ?oc=5
BTC-USD,2026-09-21T17:42:33.984757+00:00,en,"{""feed_url"": ""https://news.google.com/rss/search?q=%22Bitcoin%22%20when%3A7d&hl=en-US&gl=US&ceid=US:en"", ""position"": 42}",c283ef1e7ed71ba7541979945311c4bf3f498bdb9f80a4ac89cb8b30bb2ed702,google_news_rss,2026-09-21T11:30:59+00:00,Bitcoin,5415c556253f0800bb1dd5f2dcc9ad886b11e6c35e5ad1fe997dc17eb02193ec,Yahoo Finance,"Why Is Crypto Up Today? Oil Prices Drop, Short Sellers Squeezed, and Bitcoin Reclaims Key Level After 45 Weeks - Yahoo Finance",https://news.google.com/rss/articles/CBMilwFBVV95cUxOd1dvaXlfTm8tOUtWLXg4dFY2aFo2RjNsLTNJbTUxa2RscktqVFpOME0tcC1WTjhqLTZLR3ZZZERlS3h5TVh4dHNLV1JfbnlmRGlFVnhOVlZyejh5R293alFjUDI4SVZvQk8xWkxrdkRkQ0pIWHZDUy14cFIzdTJnc0lKU1BSSXdVZnFfX2x6YV9TdTRFNnRV?oc=5
BTC-USD,2026-09-21T17:42:33.984757+00:00,en,"{""feed_url"": ""https://news.google.com/rss/search?q=%22Bitcoin%22%20when%3A7d&hl=en-US&gl=US&ceid=US:en"", ""position"": 60}",01a35ede8e3a54e85c20c36bb61a37a79dc9c1b28266ed310e3a23128e4beb21,google_news_rss,2026-09-21T11:36:11+00:00,Bitcoin,833dd1c5021f7ce3f58516eb0ce5128f07e2378e0af91391b47186ce1f2666d3,CoinDesk,Bitcoin's 44% gain in third quarter teases full-blown crypto bull run - CoinDesk,https://news.google.com/rss/articles/CBMitgFBVV95cUxNLU01Z25fUmZQNXpFNUlDaGlVN2lnSURVZ29HR3luRThraFlFLWJEUWNPQ0N6NVZ0UmVTSE9BSXhzam9DbHVwcmZ0cW9nRXl1R0k3dnFnTWlNMDdyNTkwVVRUSlUwcjZCZmhtOGxJZDZXdUtYVlByMnVwTTlxenVDX0gwR1pjS0lWYnA4cEFxWU1sVERERGRGLWVpbXVzbjRmcC12bzFZLVMzdWV1cHliSE1iZFEyUQ?oc=5
BTC-USD,2026-09-21T17:42:33.984757+00:00,en,"{""feed_url"": ""https://news.google.com/rss/search?q=%22Bitcoin%22%20when%3A7d&hl=en-US&gl=US&ceid=US:en"", ""position"": 52}",1d3ed29c2ecfe3da558374364f32b9956a3708131801550d8d65524724bf94bb,google_news_rss,2026-09-21T11:43:12+00:00,Bitcoin,c5ad0db33839ef9b45c4858ec6fe34d3af702468c2c22ddf714389c07e794b6c,qz.com,"Bitcoin surged to an eight-month high above $85,000 as oil fell and ETF inflows returned - qz.com",https://news.google.com/rss/articles/CBMickFVX3lxTE9BRHhsSDNaZ2VlVnhzYmRsci1zNk1kQ2JWNHJxNTNVRHFDSHFqcmVoVFg2TkJxYTdZMUhfMEJpb1hFS3RabDlJcVZZWEh4M3VJUUpaX0JUSWtHd0pxNUctNzg3Nkx0Q2JoT21EN2cwV1ZtQQ?oc=5
BTC-USD,2026-09-21T17:42:33.984757+00:00,en,"{""feed_url"": ""https://news.google.com/rss/search?q=%22Bitcoin%22%20when%3A7d&hl=en-US&gl=US&ceid=US:en"", ""position"": 14}",0af121a7243dbb604690af2f4cdb64c13ee3f6b4ecdc66a107c30e1e24e2e0de,google_news_rss,2026-09-21T12:14:32+00:00,Bitcoin,34c5c53effdd5115470e61f038b2b6e4fba3df34591cb57798cdea77a812c5f7,Yahoo Finance,Bitcoin prices rip despite the Clarity Act failure - Yahoo Finance,https://news.google.com/rss/articles/CBMitAFBVV95cUxQbW1ONC1nbmlJbi1POE0tWElxdER3WW1IM1Rua1NhN21jcnFHdXJYMFE3M1ZzZXF4SzNET2xsWHZjQ3M1a0pvV1puRGRuNzluXzdST3pWZlFfNmZKaGd6X0puSjdSanlqbXl0aG40Q3BEVEl3em5IeEs3eXFKLUswNTJQM3NndjZLNjdpZjRXZDNNb1RucUtiRG80WG12bVpKb2ROVkFrSkV0d0tCaVo4MmFPb1U?oc=5
BTC-USD,2026-09-21T17:42:33.984757+00:00,en,"{""feed_url"": ""https://news.google.com/rss/search?q=%22Bitcoin%22%20when%3A7d&hl=en-US&gl=US&ceid=US:en"", ""position"": 81}",0c6c2b103c75dfffbe536bc1b01926e00c0c1698762babf2d2af60fd84069c74,google_news_rss,2026-09-21T12:14:59+00:00,Bitcoin,a032c0a0c1add49ca007279b0ff2e862229b91f389ffdc06e65c368eb7f5b400,Yahoo Finance,MicroStrategy Ends Two-Week Pause With 950 Bitcoin: Is the Buying Engine Stalling? - Yahoo Finance,https://news.google.com/rss/articles/CBMinwFBVV95cUxOSjBYN2VIdFZQVWYzRExsaGlBUDlxbUkwME5Na2s2bnZWZXUwaUdDYzhwbUtabklwQzliZWJKNG9KM1kybFBCWTQ0M1ZvVHJrb29rQWpUZXlkOE9GNnpxcUpuZDNpcy04T1lwNTNMNTBvYkFwQkVwZUtSNllacU9HU09UdmhpczR5cW5sOUFTSmpFTFFCdkhjOFdVdk40bnM?oc=5
BTC-USD,2026-09-21T17:42:33.984757+00:00,en,"{""feed_url"": ""https://news.google.com/rss/search?q=%22Bitcoin%22%20when%3A7d&hl=en-US&gl=US&ceid=US:en"", ""position"": 86}",6eb51d58e29bc6dff153098e41dc7169dec91c7bdfb9192d2c32e713f81f1dd7,google_news_rss,2026-09-21T12:44:44+00:00,Bitcoin,c035157c393a1ff56864b6b6f3e0f83ed6eeed13bfe0e7bf942c27414311a510,Yahoo Finance,"Strategy Jumps 6% as Bitcoin Hits Highest Level Since January; MARA Climbs 5%, Riot Rises 4% - Yahoo Finance",https://news.google.com/rss/articles/CBMimgFBVV95cUxPY3dHNnpITlEzaW5tNzBuc1JRTmtJLVpvVkd4WkU2c2hzY2pGZktYRVphU2c4MXZITW1jZUowaS1XYUZTVkgxTzNkM0xyUS1WT21FZVRlREpOSnIwSHZKTVM3dnFZR3Q5SkV1dDFGTGJJOHUyUjItdjhTQU9FSG5yMEE5REpabTY0bngtZXBFUjl2R00zMy02cXFB?oc=5
BTC-USD,2026-09-21T17:42:33.984757+00:00,en,"{""feed_url"": ""https://news.google.com/rss/search?q=%22Bitcoin%22%20when%3A7d&hl=en-US&gl=US&ceid=US:en"", ""position"": 59}",1301a34471c9da38ebaa8ab19863ebe196b5a5cdbf8ff8151302b45a0c99e6b8,google_news_rss,2026-09-21T12:56:06+00:00,Bitcoin,07b48c68762a1008f20d686617968f12269be95e387f11ebc353ce81b31345d5,Yahoo Finance,Saylor’s Strategy Makes First Purchase of Bitcoin Since August - Yahoo Finance,https://news.google.com/rss/articles/CBMiowFBVV95cUxPQkRYTXdMLTJldjVaZVhMVko5aUNUQ1lqcFp1MVprTXlrN1BOVTh5ZEVqMDE2UDdVdW53ajNESUhuZGd6N0UwUkZwcXpjakFvNlJ5X2tvb2VrRXNtMTluUnUxUVAxdjV5MGp2XzVTNnpUNV9nMmd4S2g5ZkQ1bUtzWElncWJvc3FhSlBCSFRMZTMyVVNUSDlnb3Rqek9XX0JMOUFj?oc=5
BTC-USD,2026-09-21T17:42:33.984757+00:00,en,"{""feed_url"": ""https://news.google.com/rss/search?q=%22Bitcoin%22%20when%3A7d&hl=en-US&gl=US&ceid=US:en"", ""position"": 63}",6d386adc248bf9d9f32112d98b518d2ae567fbe7cf48a45ad083513b11906e4c,google_news_rss,2026-09-21T12:56:06+00:00,Bitcoin,7d135a4b6217d29d4a4180982c2bfdd4ac51bd735bda3745426b244c2685c0fb,Bloomberg.com,Saylor’s Strategy Makes First Purchase of Bitcoin Since August - Bloomberg.com,https://news.google.com/rss/articles/CBMiswFBVV95cUxNN2hTNlFGcGp3MFVmOXMzbm1GYXAyVWswYV9iQXBmelVhbHgxM3J4TEhwNkh1WnhoYmpKNlJKelhrcjFpbDdHWFZQSzVrMXZUVjljT2FCS216OTJfNjhYLW5YeWx6c1NEejhITk14dWY2QmpzODVyclNUM3B0NkpKNEtJaUk5c0xtMWtHQkhBNTRyeWJyNGE0d0NYMEhVSV83Wk1QWEY0ZVBqbThZTGdUWnNhaw?oc=5
BTC-USD,2026-09-21T17:42:33.984757+00:00,en,"{""feed_url"": ""https://news.google.com/rss/search?q=%22Bitcoin%22%20when%3A7d&hl=en-US&gl=US&ceid=US:en"", ""position"": 22}",8fb576825a307185b9238fead3e9aba75ed740c6e71dfa7c38499902f9593764,google_news_rss,2026-09-21T12:57:55+00:00,Bitcoin,839d8efba01a3fe8af6f509334e85b28ff888fc748dc7a97e5dcc91496e88476,Yahoo Finance,Why Is Bitcoin Up Today? It Closed Above Its 50-Week Average for the First Time in 45 Weeks. - Yahoo Finance,https://news.google.com/rss/articles/CBMimwFBVV95cUxPZFNlWDROT0dISlQ1NFBlTW5zeW53SEFfSnpDQnFnVGZmeEl0OVFyRk4wRWVxbnpQVEdZcmVJY0Z5Z0VZekVIU3RVWng0Rmhpc3pJaVQ4LUZnWmFpbEhMQktQZUhvZEdPcnl0NG4yRlEySWFBc0FzOVliYzQ5NDYzNVNUT21KdHVRNGU4X2FwSkhMTmduc2ZtZjhlMA?oc=5
BTC-USD,2026-09-21T17:42:33.984757+00:00,en,"{""feed_url"": ""https://news.google.com/rss/search?q=%22Bitcoin%22%20when%3A7d&hl=en-US&gl=US&ceid=US:en"", ""position"": 1}",66be9ee3220d26f15c8b4b1cd9a3cf7442ce7ba15c66f47b3f778be4766e1788,google_news_rss,2026-09-21T13:01:00+00:00,Bitcoin,76b3d0416ef9dad06afd115b1992f1be362c3aa93760ef2a539cdf3b36744385,WSJ,"Bitcoin Jumps Above $85,000 to 8-Month High - WSJ",https://news.google.com/rss/articles/CBMilAFBVV95cUxPbm1ocHJySVRjNEFTTk9TQnk2bGJReXFfc3VvcEk4Q3ZwaElWZFptS2FvSUFVNWJsU2p6Q2RUU3BoNWdWNUpyMHVYbzNEZ3dVajlKY2YzSnNBdC1sWDlJV3lIOXBOa0ZqeWYtU01Yemw3WFFIeDVVRTE1b0lUUDFwZWtVM2xQSy1iUzNvMktrWkFKaFhm?oc=5
BTC-USD,2026-09-21T17:42:33.984757+00:00,en,"{""feed_url"": ""https://news.google.com/rss/search?q=%22Bitcoin%22%20when%3A7d&hl=en-US&gl=US&ceid=US:en"", ""position"": 24}",ccb2a3a0fef3ae52c945987a09dd21e036a456564f0acc0962dec46e6cf370fd,google_news_rss,2026-09-21T13:35:04+00:00,Bitcoin,ced538d05a46ba4e7ff082809b0d82a65743a16eb3cff013bdde6b3f8b07b39f,Bitcoin Foundation,"Bitcoin Is Back Above $85,000. Why Is BTC Rallying Despite the Fed and CLARITY Act? - Bitcoin Foundation",https://news.google.com/rss/articles/CBMiwAFBVV95cUxOcDk2YmpHOFhYTjBsekV5cElZcU1KMUZ3S1ppcnRoeV9pWEJTOVZ0NHdfMFJ1blgzTGdwZE9pSF82YmdNLUdVX1U4UEFfT1BITnNkY3ZVVS1jd1hDaktYZFJJRXRINVpBTURtamQ4NWlnMVFEUU5OX0xnSUp2aHJ1QWFLYVZpZjBMTDI4UU5CVF9DTWJwQXVQcWtJZWptbVYyUEFERWtEMjBiMW8yTVB0Uzhza2dlckRTUlU2TExndFA?oc=5
BTC-USD,2026-09-21T17:42:33.984757+00:00,en,"{""feed_url"": ""https://news.google.com/rss/search?q=%22Bitcoin%22%20when%3A7d&hl=en-US&gl=US&ceid=US:en"", ""position"": 53}",073fa5aa88b6c0a83222735918d6a6814a462aefd54388392b379004dfc9c449,google_news_rss,2026-09-21T13:35:38+00:00,Bitcoin,9bcb50d95f0f58bf4b294cfd1baa8f3138a9a11a60c22ef35c664831fb3d91c6,Yahoo Finance,Michael Saylor's Strategy jumps as the company says it bought more bitcoin - Yahoo Finance,https://news.google.com/rss/articles/CBMiygFBVV95cUxOZUVlbXJwTC1ZeWtkWU1iOWgxajhCS2daRl9OQWdUR3hhczlFR3dvbHVvY3hTcl9rZjNoU19pV1JUczVkajdGSTlQeDh0M3hkTmpfU1JJUmtibWk2T3B6akZscHZ5OTVld3lGbWFEUmNuenI0Ymd2SE1fOFVnYkhIZ1FTaTV4NHhKTkNDWWRxQjRrdXJ5OG5lME1QVEFxWVg3Q1NGWGxnaGJ2b3VkbC1HRlI5Y3M0b2xMRHBBdGFCaWdLMV9hd3RNdkV3?oc=5
BTC-USD,2026-09-21T17:42:33.984757+00:00,en,"{""feed_url"": ""https://news.google.com/rss/search?q=%22Bitcoin%22%20when%3A7d&hl=en-US&gl=US&ceid=US:en"", ""position"": 100}",e236722c0295ecfeca1bfacee18f879b945e706f4b784eab297f90686fb07fc0,google_news_rss,2026-09-21T13:43:00+00:00,Bitcoin,b494656ff1312c92bfc6237a6cd0ce9dff55719569497b6d882a0fb760ff39a8,Yahoo Finance,Strategy Buys $75 Million of Bitcoin As Price Rallies - Yahoo Finance,https://news.google.com/rss/articles/CBMingFBVV95cUxOYnp3RzZnamxrWmNrckZKUFhwbnFoSEQ0OFIyREJ2OVBLNS1OY0tiU0o4UEJ5ZFhVcjA2RU9PcEVzVjdYV212c3gwc1plNUxEbzhqZWQyU0lDM2g4SkQtVmItVXU3dUNLdE5fTXRvSWo2QmlKcVpRSGdiTlVWNUlPVmxGR01xaUhPM2FXUkFqREZHdlhsQlVZRmExYjZoUQ?oc=5
BTC-USD,2026-09-21T17:42:33.984757+00:00,en,"{""feed_url"": ""https://news.google.com/rss/search?q=%22Bitcoin%22%20when%3A7d&hl=en-US&gl=US&ceid=US:en"", ""position"": 76}",6ccfd113e9391a06844ff29be2bf79214ce9e63ae56d5c2ee5b5c81bbd1157dc,google_news_rss,2026-09-21T13:50:33+00:00,Bitcoin,70d02d1d8f9eab83928e174120b26bc061a96739556af6142d09bd9075ddb069,Yahoo Finance,"Tech stocks rise, Bitcoin rallies as Treasury yields ease: AlphaCheck - Yahoo Finance",https://news.google.com/rss/articles/CBMiwgFBVV95cUxPaF9USnVLWWcwSFVkRVVkQ3ZUZ0ZCZDVuajc4WVA0T0dNQkxDcjZOMkEteW1MSjVrbUg4VWxnU1JiSF9LZkZYdzNLcllUSkkwZGZCem5WLVNGUUZWS3o5QmI3RThvQVZfXzFDVHpmWi1FMFVWU1dTc1RZSVZSTkozMmFQTW9qSmdtcjgzY1NoWk11R1RtWmJzbHVuYnppbEl0VEtvUXhyQVprNVpnaHFCWXdkV09lZC1XWjM4MGxKXzdPQQ?oc=5
BTC-USD,2026-09-21T17:42:33.984757+00:00,en,"{""feed_url"": ""https://news.google.com/rss/search?q=%22Bitcoin%22%20when%3A7d&hl=en-US&gl=US&ceid=US:en"", ""position"": 84}",dc39d3a250a3049cc14e5a450f29413c0812a63b4bcd2a2449cf6497a91fa5ce,google_news_rss,2026-09-21T14:01:00+00:00,Bitcoin,a0c0e358fff3fdf72bae0c69336d38f0c224738fa5e57b3f41518f0b2fb4b62e,Investor's Business Daily,Bitcoin Surges. Coinbase Wins Target Hike. These Crypto Stocks Break Out. - Investor's Business Daily,https://news.google.com/rss/articles/CBMisAFBVV95cUxOTEU2V21XR3ltb1REbWoxZ2xZUTRSLVJWTS1JVFlTNVMtQ0JTM19ncWlOUWZFdGJjT1ducGRiMEk4eUxQdGZwcmkwVFNPMmZhR2JRWDJmN1BlNFlWUDBiQVh1STRfSFpOSzZmang5ZTR6QlRJa1duRndYV0F2Q3NLWV80QnJGdzQxN1FiSWs4R3lXbTFPdVVxWXVrbDhNZWh4a2RuRlM0UkxqeVZpV09JSQ?oc=5
BTC-USD,2026-09-21T17:42:33.984757+00:00,en,"{""feed_url"": ""https://news.google.com/rss/search?q=%22Bitcoin%22%20when%3A7d&hl=en-US&gl=US&ceid=US:en"", ""position"": 72}",d44dc2edc1696503b987b7bfd3e700f6d054d52916c35449f2cf3606deedc361,google_news_rss,2026-09-21T14:04:00+00:00,Bitcoin,563c937893b5fec6b07f5669b436adc350d960650af716ba82f62416b78629a5,Barron's,Bitcoin Is at Its Highest Price Since January. Strategy Buys the Cryptocurrency. - Barron's,https://news.google.com/rss/articles/CBMilgFBVV95cUxOTWFlWnNyWnEwU2UtY1dBOTFUdTRYcUZZYm8tY3lJY0p1RG5LUTczdGNOY2N6YnZzTDFQVW9pSG1jUkdTM3duSmJKRjRuQ1ZoQ204VDJUUHdFUVF2c1NJemM4bF9XUVBWanlFQ3dJWlh5bXBYb2YxaTl0X0E0ZXpJQ3VXZkVJSDVoNDlDR1Z3SXNQNW1FdFE?oc=5
BTC-USD,2026-09-21T17:42:33.984757+00:00,en,"{""feed_url"": ""https://news.google.com/rss/search?q=%22Bitcoin%22%20when%3A7d&hl=en-US&gl=US&ceid=US:en"", ""position"": 18}",2072e14c764ca49aa833b9a39be50932387a1ea94969e4fde6324d3e65176250,google_news_rss,2026-09-21T14:05:01+00:00,Bitcoin,df960cf7f30e286c5461271ee5b0839ef3b0230e24da6798f30a27067c4cc68d,Yahoo Finance,"Bitcoin Hits $85,000 and Nears 8-Month High. Is the Crypto Bull Market Finally Here? - Yahoo Finance",https://news.google.com/rss/articles/CBMilAFBVV95cUxQd0NTWTRVU2ZtSjRmc19mU2VtNnhGRFRGTkVxT2YzejRrNlMwZHNJWm94OXBtZjNNelVta0ZESnZ4cmE5czNQV0Q3bkFLVFoyTFd3cU9NZ3ZMSHY2NVRyM1Z3NzZFeDlsRlZZSHNqTkZvTWFOamFsWXpJMVliU1VPR0JWSS1QY3p0U21wQTI1SHVZWHBP?oc=5
BTC-USD,2026-09-21T17:42:33.984757+00:00,en,"{""feed_url"": ""https://news.google.com/rss/search?q=%22Bitcoin%22%20when%3A7d&hl=en-US&gl=US&ceid=US:en"", ""position"": 23}",25d5d5a263e39206d72bc6a798c813e2f7356240145e9b4dfdbc89fdfe615e00,google_news_rss,2026-09-21T14:10:42+00:00,Bitcoin,edfda5f1fc5e38b6d96d0989fa243bc1236b7f0d817bf6ef797f36b73906b40d,Business Insider,"'It's crypto spring': 4 reasons bitcoin is surging above $85,000 - Business Insider",https://news.google.com/rss/articles/CBMimAFBVV95cUxNSWhHN2ZZV09xV2ZxTUJ0WGhCd0k5QWU1Yk9xa1U0djQwNnRCQ2pwTmNERXhwSkFTSlRNMjk2eHhpTnQtcTg2Y2U3YTZUa1JabFRTMF9SemVpUlg4bGQ4ekNXeFNXaWk5MFRlekVJSHpmTGtsNFliUmlKYU9CNUlTMjltY2d6Zy1KbkxWX2xIZkRLUzBVR3pTag?oc=5
BTC-USD,2026-09-21T17:42:33.984757+00:00,en,"{""feed_url"": ""https://news.google.com/rss/search?q=%22Bitcoin%22%20when%3A7d&hl=en-US&gl=US&ceid=US:en"", ""position"": 34}",c343f7032cf51e12ade80d37313b03de9409404608f6c2966a9194c190fdf2ea,google_news_rss,2026-09-21T14:28:53+00:00,Bitcoin,a1ad4a1c1008677ace5f6d67376073daf6f964fae067048f157e5b51f5b0adb1,fastcompany.com,Bitcoin just cracked its highest price since January. Why is BTC rising? - fastcompany.com,https://news.google.com/rss/articles/CBMiiAFBVV95cUxQRDJpeXlnbUFxWUl0TW1sVjRxNGxRTWo0c2tqQmx3VDUxSG8wa1d2X3RhZWJjOWxZVEhOOXFHc05XZDVqSEJ5ZVBwclFMOG9wdTVndVF6eHhNOVlJV3VGal9oemZmT19tODhmS0FpTkJJSUl0dDg2UlViWUU2NHpJZ3hTVTBpREVl?oc=5
BTC-USD,2026-09-21T17:42:33.984757+00:00,en,"{""feed_url"": ""https://news.google.com/rss/search?q=%22Bitcoin%22%20when%3A7d&hl=en-US&gl=US&ceid=US:en"", ""position"": 61}",973972cf47f89684762a79b41f5878079a88ebeaaad553a286e3a3638ced1266,google_news_rss,2026-09-21T14:34:44+00:00,Bitcoin,2955a3b1a82db8fa55387b3698bf6511c34070437ea3f83aef6b83246289b205,Yahoo Finance,"Bitcoin and ethereum prices today, Monday, September 21, 2026: Crypto prices hit highest levels in 8 months - Yahoo Finance",https://news.google.com/rss/articles/CBMiiwJBVV95cUxOLWhYU0pxSTMyamFiYXo2YUU0aVNsdTJNbXROWDBvdEtCazNGZ2FoSlJpTi01VEZ5T0E4NVNjaHI1S2ozeDBkUE5hRVdTSEJjS29JQVhEMFlzbHlMcU9FRnhFSmhRdFVWRVp2RVdNTjlzTWNLY2xFYTIxYW9QVTFhRVNIUmxLOUZpbm5JWHVSdHh0dmZ1SUtaV2puaEEzWTVkYTZxRWNPVmR5ZXREd0szYXpYX2ZhTE9zVDFtSFlRTldRbnlGUng0NVlrTXZqOFNadTNtTmNQM0JleXFOMlk2bkZwWXA1YmJZLUlXVmNUdGpQc0xRZFNPRUZRMlUxTG44VFJWU1FFV1NZVWM?oc=5
BTC-USD,2026-09-21T17:42:33.984757+00:00,en,"{""feed_url"": ""https://news.google.com/rss/search?q=%22Bitcoin%22%20when%3A7d&hl=en-US&gl=US&ceid=US:en"", ""position"": 91}",554e9759a52f4a60a2a5c327a1dcc8bee4a6316d1dde67f97038f28663bf8bc1,google_news_rss,2026-09-21T15:34:20+00:00,Bitcoin,f5b8428ac7416b34ff4c0638113906fb20021d6718688a3c7366510e5bda1ac2,Bitcoin Magazine,"Bitcoin Price Shrugs Off Clarity Act Fail, Blasts Past $86,000 - Bitcoin Magazine",https://news.google.com/rss/articles/CBMidkFVX3lxTE9zc0RpNXgzRWZ2QllXaEZPdE9RSmZWQmxTQ3c0SnNYV3FNMUR0MUgxcTVoRGEwZ2pjaTBPX2tIWG9vaHFLZzEtQ3kzNWQ1RXhkSXdORVF4aVFCVHlQSk1PQlYwcldVSjNjMzNJWHNLY0VKR20wX2c?oc=5
BTC-USD,2026-09-21T17:42:33.984757+00:00,en,"{""feed_url"": ""https://news.google.com/rss/search?q=%22Bitcoin%22%20when%3A7d&hl=en-US&gl=US&ceid=US:en"", ""position"": 58}",3018c75c0c339a395de0fbd77c2ee0b08a3f9f30c73ef835cc8d545d6a5bc7a0,google_news_rss,2026-09-21T16:19:00+00:00,Bitcoin,fe682eb63c132c2feb547be8ddd217d623495ff1bb1c58f87464d80efa51089a,Fortune,"Current price of Bitcoin for September 21, 2026 - Fortune",https://news.google.com/rss/articles/CBMiZ0FVX3lxTE1VandlQUZUZUM5RHN3LWdaRDMwQ1ZPTmp2QUM4TW1yRGxTN0hqSFRVQjV6a2otV0dETnVfQ0FiTTdmclJES2dKUVJQek5PcjkybU54QjdBcU10aUdQa254c0QzbW90RFk?oc=5
BTC-USD,2026-09-21T17:42:33.984757+00:00,en,"{""feed_url"": ""https://news.google.com/rss/search?q=%22Bitcoin%22%20when%3A7d&hl=en-US&gl=US&ceid=US:en"", ""position"": 66}",7f10bfa9307d147673ef7dc066933e9f8c94b8d686fb5020cb2b7209002c4873,google_news_rss,2026-09-21T16:51:00+00:00,Bitcoin,682b43013a1e7a4b0589936b6f3827dd75520f0243e57aab383486c15a44c05d,Yahoo Finance,Crypto-linked stocks surge as bitcoin breaks through May highs - Yahoo Finance,https://news.google.com/rss/articles/CBMioAFBVV95cUxPNFVEbF9TV1lLX0pxZnBBMy1rRVFNWHlNdWxhTlJiQjlMWndxWm42QTBJLV9qemZ0a2NyNWhjX3VyQUdOTkJWajh3S2tnb0NYa2pXUDZmTWQ3OG5ac0tPa3cyWll2X1Rnbm5zaTB6QTA1d2xmOFdJcWViakU4QS1KSWIwLUpkVVdXM3BkTHlzTFZGQjhxTDk3UkowUVdVcnp4?oc=5
BTC-USD,2026-09-21T17:42:33.984757+00:00,en,"{""feed_url"": ""https://news.google.com/rss/search?q=%22Bitcoin%22%20when%3A7d&hl=en-US&gl=US&ceid=US:en"", ""position"": 75}",1d4557862631878f155f10826714fc66480c4b56a637b9e15955f634ff700254,google_news_rss,2026-09-21T17:00:51+00:00,Bitcoin,1655416e8c373b061ac4ae1094c2fb4aa3cddb4936200263c87dd6c03afcc766,Bloomberg.com,"Bitcoin ETFs Swing Positive as Token Holds Jump Above $81,000 - Bloomberg.com",https://news.google.com/rss/articles/CBMisAFBVV95cUxNLXd3ZThtR3N0aHpmdFh6QmdXS0ZJSG1ORHJFQXFocFd5bG9uX2dUbmJTQ0ItMExxNThVZHdxa1Etekd0V0hmd1B6LTNVbEVzbTQ5R25oWm5ZeklleGdGeGdpemxLdFBTb2MzRHFQUFAtQmdYZk5CYkgzSG1BSllacnZCN05wc18tbDk1aVZqOFgzWmlPbERGNzZmOWtGanh1alVJel9ZZldxQ0RIV2dtMQ?oc=5
BTC-USD,2026-09-21T17:42:33.984757+00:00,en,"{""feed_url"": ""https://news.google.com/rss/search?q=%22Bitcoin%22%20when%3A7d&hl=en-US&gl=US&ceid=US:en"", ""position"": 80}",f965c760c4e95bfbe3b9b10721620a92d0308a637eaceb8892d29bec28b831e2,google_news_rss,2026-09-21T17:05:00+00:00,Bitcoin,9b02999834f8cc1c4fd0bfe427bf8be34e9ceb95be1fb0b98bd7f46e8767dc96,Fortune,"Michael Saylor’s Strategy buys Bitcoin again as surprise rally pushes price above $85,000 - Fortune",https://news.google.com/rss/articles/CBMilgFBVV95cUxNd0RWYm1hVnhMWF8xaEt0X3dLNl9QNDdtMVliOTdYVFU1M3RUc0xCamlSeEZRMzEzRTc0dWc5R2U4V21wanBFSkZPaWpFVGIxNjZZSHdyajBjMHhuTFI3RmRYMy1sUF9MVVQzMS11RnB4ZWlKNFlWRmVPRW84ZDF5Rk5zaXVHdXJlbHBoR2tlYmgyZ2U4S0E?oc=5
