Date,fold,y_true,probability_raw,probability_calibrated,probability_baseline,prediction
2023-02-03,1,0,0.6450711,0.5411138720754353,0.5211111111111111,1
2023-02-04,1,0,0.669555,0.5561132617557085,0.5211111111111111,1
2023-02-05,1,0,0.5943529,0.511197108596756,0.5211111111111111,1
2023-02-06,1,1,0.6419436,0.5392273259086476,0.5211111111111111,1
2023-02-07,1,0,0.5861317,0.5064641376495919,0.5211111111111111,1
2023-02-08,1,0,0.611746,0.5213070986626626,0.5211111111111111,1
2023-02-09,1,0,0.6288202,0.5313765629431018,0.5211111111111111,1
2023-02-10,1,1,0.5927295,0.510260325145011,0.5211111111111111,1
2023-02-11,1,0,0.55244744,0.4873258941771235,0.5211111111111111,0
2023-02-12,1,1,0.5753617,0.5003034733259871,0.5211111111111111,1
2023-02-13,1,1,0.53144747,0.47555860903236713,0.5211111111111111,0
2023-02-14,1,1,0.43538246,0.42242606467024324,0.5211111111111111,0
2023-02-15,1,0,0.5782119,0.5019296908244972,0.5211111111111111,1
2023-02-16,1,1,0.60002965,0.5144817472547955,0.5211111111111111,1
2023-02-17,1,1,0.6293937,0.5317175381976795,0.5211111111111111,1
2023-02-18,1,0,0.7271144,0.5933839316007811,0.5211111111111111,1
2023-02-19,1,1,0.5962663,0.5123026877090334,0.5211111111111111,1
2023-02-20,1,0,0.5443845,0.4827953787158704,0.5211111111111111,0
2023-02-21,1,0,0.5563878,0.48954624320907064,0.5211111111111111,0
2023-02-22,1,0,0.5772921,0.5014045553133134,0.5211111111111111,1
2023-02-23,1,0,0.5535339,0.48793768350477495,0.5211111111111111,0
2023-02-24,1,0,0.59350264,0.5107063256098118,0.5211111111111111,1
2023-02-25,1,1,0.613086,0.5220918782699412,0.5211111111111111,1
2023-02-26,1,0,0.48482013,0.4497073324456341,0.5211111111111111,0
2023-02-27,1,0,0.5177146,0.46791350259113,0.5211111111111111,0
2023-02-28,1,1,0.49776047,0.45685606288360275,0.5211111111111111,0
2023-03-01,1,0,0.44376028,0.4270554056316616,0.5211111111111111,0
2023-03-02,1,0,0.49096653,0.4531012420148018,0.5211111111111111,0
2023-03-03,1,0,0.5715506,0.4981334105537478,0.5211111111111111,0
2023-03-04,1,1,0.60485977,0.5172877666509297,0.5211111111111111,1
2023-03-05,1,0,0.5113542,0.4643832646466143,0.5211111111111111,0
2023-03-06,1,0,0.5695626,0.49700339771356516,0.5211111111111111,0
2023-03-07,1,0,0.5081484,0.46260609395627433,0.5211111111111111,0
2023-03-08,1,0,0.4862875,0.45051736473107024,0.5211111111111111,0
2023-03-09,1,0,0.6849766,0.5657949693593568,0.5211111111111111,1
2023-03-10,1,1,0.64223146,0.5394007245669056,0.5211111111111111,1
2023-03-11,1,1,0.5473467,0.48445789805314315,0.5211111111111111,0
2023-03-12,1,1,0.45689577,0.4343045318133199,0.5211111111111111,0
2023-03-13,1,1,0.5112244,0.4643112719404188,0.5211111111111111,0
2023-03-14,1,0,0.61439234,0.52285783003127,0.5211111111111111,1
2023-03-15,1,1,0.66052616,0.5505321288236288,0.5211111111111111,1
2023-03-16,1,1,0.6330646,0.5339045102202997,0.5211111111111111,1
2023-03-17,1,0,0.61981857,0.5260486800506089,0.5211111111111111,1
2023-03-18,1,1,0.62015384,0.5262463382322424,0.5211111111111111,1
2023-03-19,1,0,0.5347958,0.4774281023020069,0.5211111111111111,0
2023-03-20,1,1,0.63192725,0.5332260793719535,0.5211111111111111,1
2023-03-21,1,0,0.5755654,0.5004195847413287,0.5211111111111111,1
2023-03-22,1,1,0.6902942,0.5691803054873008,0.5211111111111111,1
2023-03-23,1,0,0.5778426,0.5017188105842859,0.5211111111111111,1
2023-03-24,1,1,0.6784052,0.5616454418346546,0.5211111111111111,1
2023-03-25,1,1,0.6928288,0.5708028412399444,0.5211111111111111,1
2023-03-26,1,0,0.6668302,0.554422445590648,0.5211111111111111,1
2023-03-27,1,1,0.7257909,0.5924883909181291,0.5211111111111111,1
2023-03-28,1,1,0.65579176,0.5476295004938122,0.5211111111111111,1
2023-03-29,1,0,0.56728995,0.49571316877258925,0.5211111111111111,0
2023-03-30,1,1,0.63668776,0.5360707552014212,0.5211111111111111,1
2023-03-31,1,0,0.55039024,0.4861683679053445,0.5211111111111111,0
2023-04-01,1,0,0.7248242,0.5918355511319972,0.5211111111111111,1
2023-04-02,1,0,0.65887356,0.5495171125208429,0.5211111111111111,1
2023-04-03,1,1,0.5959136,0.512098756912922,0.5211111111111111,1
2023-04-04,1,1,0.55688065,0.48982427793689254,0.5211111111111111,0
2023-04-05,1,0,0.612332,0.5216501754880738,0.5211111111111111,1
2023-04-06,1,0,0.6503641,0.5443211165223379,0.5211111111111111,1
2023-04-07,1,1,0.74750125,0.6074570204687874,0.5211111111111111,1
2023-04-08,1,1,0.720384,0.5888510341369813,0.5211111111111111,1
2023-04-09,1,1,0.5355464,0.4778475104621792,0.5211111111111111,0
2023-04-10,1,1,0.52644295,0.4727686037885447,0.5211111111111111,0
2023-04-11,1,0,0.51111704,0.46425174253955487,0.5211111111111111,0
2023-04-12,1,1,0.51304656,0.4653219971520672,0.5211111111111111,0
2023-04-13,1,1,0.51977074,0.46905604933957973,0.5211111111111111,0
2023-04-14,1,0,0.53548974,0.4778158333210721,0.5211111111111111,0
2023-04-15,1,0,0.673212,0.5583915912128347,0.5211111111111111,1
2023-04-16,1,0,0.612513,0.5217561933475333,0.5211111111111111,1
2023-04-17,1,1,0.57155144,0.4981338851571333,0.5211111111111111,0
2023-04-18,1,0,0.50038815,0.4583094426152516,0.5211111111111111,0
2023-04-19,1,0,0.6174132,0.5246323629248067,0.5211111111111111,1
2023-04-20,1,0,0.56446034,0.4941090730864806,0.5211111111111111,0
2023-04-21,1,1,0.5243364,0.47159562692753754,0.5211111111111111,0
2023-04-22,1,0,0.4457861,0.4281740052764081,0.5211111111111111,0
2023-04-23,1,0,0.52365077,0.47121402323906636,0.5211111111111111,0
2023-04-24,1,1,0.5072874,0.46212902970266434,0.5211111111111111,0
2023-04-25,1,1,0.36359358,0.3822787613629174,0.5211111111111111,0
2023-04-26,1,1,0.4462554,0.4284331005081871,0.5211111111111111,0
2023-04-27,1,0,0.5229646,0.4708322043280787,0.5211111111111111,0
2023-04-28,1,0,0.46818253,0.44052914178859076,0.5211111111111111,0
2023-04-29,1,1,0.5910191,0.5092745099741901,0.5211111111111111,1
2023-04-30,1,0,0.4156352,0.4114841798542622,0.5211111111111111,0
2023-05-01,1,1,0.5312085,0.47542528064348133,0.5211111111111111,0
2023-05-02,1,1,0.43305582,0.4211393128654829,0.5211111111111111,0
2023-05-03,1,0,0.46361557,0.4380106356716163,0.5211111111111111,0
2023-05-04,1,1,0.45608786,0.43385888310010756,0.5211111111111111,0
2023-05-05,1,0,0.44701356,0.42885165202086417,0.5211111111111111,0
2023-05-06,1,0,0.40991232,0.40830258290974064,0.5211111111111111,0
2023-05-07,1,0,0.44404733,0.4272139270732541,0.5211111111111111,0
2023-05-08,1,0,0.50787413,0.46245412991205426,0.5211111111111111,0
2023-05-09,1,0,0.5366063,0.47843994434437653,0.5211111111111111,0
2023-05-10,1,0,0.54392976,0.4825403618282901,0.5211111111111111,0
2023-05-11,1,0,0.5206999,0.469572601720835,0.5211111111111111,0
2023-05-12,1,0,0.5034449,0.460001068478588,0.5211111111111111,0
2023-05-13,1,1,0.59444034,0.5112475975474037,0.5211111111111111,1
2023-05-14,1,1,0.4840403,0.4492768911854293,0.5211111111111111,0
2023-05-15,1,0,0.39411175,0.39948590289076547,0.5211111111111111,0
2023-05-16,1,1,0.46420667,0.43833660750665004,0.5211111111111111,0
2023-05-17,1,0,0.43339565,0.42132729386691065,0.5211111111111111,0
2023-05-18,1,1,0.399374,0.40242803656001314,0.5211111111111111,0
2023-05-19,1,1,0.51958007,0.46895006592578414,0.5211111111111111,0
2023-05-20,1,0,0.58212364,0.5041663942757225,0.5211111111111111,1
2023-05-21,1,1,0.55052656,0.4862450341352237,0.5211111111111111,0
2023-05-22,1,1,0.5222386,0.4704283194785262,0.5211111111111111,0
2023-05-23,1,0,0.44441217,0.42741539516416577,0.5211111111111111,0
2023-05-24,1,1,0.48797283,0.45144787156569754,0.5211111111111111,0
2023-05-25,1,1,0.48300168,0.44870366761515906,0.5211111111111111,0
2023-05-26,1,1,0.46741417,0.44010541848679285,0.5211111111111111,0
2023-05-27,1,1,0.52691793,0.473033202410504,0.5211111111111111,0
2023-05-28,1,0,0.43173155,0.42040667656527475,0.5211111111111111,0
2023-05-29,1,0,0.3993467,0.40241278953040255,0.5211111111111111,0
2023-05-30,1,0,0.46622875,0.43945170941354705,0.5211111111111111,0
2023-05-31,1,0,0.42826718,0.4184891357246565,0.5211111111111111,0
2023-06-01,1,1,0.4977079,0.45682699237812585,0.5211111111111111,0
2023-06-02,1,0,0.43007898,0.4194921441189303,0.5211111111111111,0
2023-06-03,1,1,0.56402934,0.4938649614983535,0.5211111111111111,0
2023-06-04,1,0,0.48249778,0.4484255797093996,0.5211111111111111,0
2023-06-05,1,1,0.5606742,0.4919666170581285,0.5211111111111111,0
2023-06-06,1,0,0.42440546,0.41634996777471833,0.5211111111111111,0
2023-06-07,1,1,0.46949616,0.4412535658299562,0.5211111111111111,0
2023-06-08,1,0,0.4243673,0.41632882712561436,0.5211111111111111,0
2023-06-09,1,0,0.5034772,0.46001895212333765,0.5211111111111111,0
2023-06-10,1,1,0.39602232,0.40055482536189607,0.5211111111111111,0
2023-06-11,1,0,0.46775845,0.4402952735375343,0.5211111111111111,0
2023-06-12,1,1,0.52083784,0.4696492900082012,0.5211111111111111,0
2023-06-13,1,0,0.45858514,0.43523634195884653,0.5211111111111111,0
2023-06-14,1,1,0.51128983,0.4643475654927623,0.5211111111111111,0
2023-06-15,1,1,0.43174738,0.4204154327004218,0.5211111111111111,0
2023-06-16,1,1,0.36878005,0.38522291283530896,0.5211111111111111,0
2023-06-17,1,0,0.39739186,0.40132054045146504,0.5211111111111111,0
2023-06-18,1,1,0.500574,0.458412262479636,0.5211111111111111,0
2023-06-19,1,1,0.39327237,0.39901601749715837,0.5211111111111111,0
2023-06-20,1,1,0.5113627,0.46438795846691705,0.5211111111111111,0
2023-06-21,1,0,0.5821115,0.5041594328498681,0.5211111111111111,1
2023-06-22,1,1,0.59824544,0.5134478740173585,0.5211111111111111,1
2023-06-23,1,0,0.6646687,0.5530852103677213,0.5211111111111111,1
2023-06-24,1,0,0.710571,0.5823335295639388,0.5211111111111111,1
2023-06-25,1,0,0.5500677,0.485986996536879,0.5211111111111111,0
2023-06-26,1,1,0.52495813,0.4719417406216147,0.5211111111111111,0
2023-06-27,1,0,0.54590845,0.4836504177652953,0.5211111111111111,0
2023-06-28,1,1,0.6012768,0.5152052679529648,0.5211111111111111,1
2023-06-29,1,1,0.5861505,0.5064749500683967,0.5211111111111111,1
2023-06-30,1,1,0.549231,0.485516583927852,0.5211111111111111,0
2023-07-01,1,1,0.7212927,0.5894599599379827,0.5211111111111111,1
2023-07-02,1,1,0.6598635,0.55012487519892,0.5211111111111111,1
2023-07-03,1,0,0.540485,0.4806101049668334,0.5211111111111111,0
2023-07-04,1,0,0.5706237,0.49760637240230965,0.5211111111111111,0
2023-07-05,1,0,0.51737696,0.4677259360793023,0.5211111111111111,0
2023-07-06,1,1,0.5881363,0.5076156900050436,0.5211111111111111,1
2023-07-07,1,0,0.5212488,0.46987781624660113,0.5211111111111111,0
2023-07-08,1,0,0.7483073,0.6080247954077815,0.5211111111111111,1
2023-07-09,1,1,0.70687544,0.5799058122991692,0.5211111111111111,1
2023-07-10,1,1,0.57440513,0.49975831428366857,0.5211111111111111,0
2023-07-11,1,0,0.6053481,0.5175720589456139,0.5211111111111111,1
2023-07-12,1,1,0.52080566,0.4696313935791697,0.5211111111111111,0
2023-07-13,1,0,0.6038937,0.5167256839514186,0.5211111111111111,1
2023-07-14,1,0,0.53439236,0.4772027112919223,0.5211111111111111,0
2023-07-15,1,0,0.72887313,0.5945772640344447,0.5211111111111111,1
2023-07-16,1,0,0.6798599,0.5625608395582123,0.5211111111111111,1
2023-07-17,1,0,0.534105,0.47704220487844534,0.5211111111111111,0
2023-07-18,1,1,0.5142198,0.4659730324882663,0.5211111111111111,0
2023-07-19,1,0,0.5453403,0.4833315838437488,0.5211111111111111,0
2023-07-20,1,1,0.5101516,0.46371644543893237,0.5211111111111111,0
2023-07-21,1,0,0.5682785,0.4962741737671408,0.5211111111111111,0
2023-07-22,1,1,0.5968794,0.5126572644819439,0.5211111111111111,1
2023-07-23,1,0,0.39177307,0.39817629698928114,0.5211111111111111,0
2023-07-24,1,1,0.482523,0.44843949367013786,0.5211111111111111,0
2023-07-25,1,1,0.5819341,0.5040578842421867,0.5211111111111111,1
2023-07-26,1,0,0.46216837,0.4372125385687103,0.5211111111111111,0
2023-07-27,1,1,0.5198261,0.46908682838940374,0.5211111111111111,0
2023-07-28,1,1,0.5016103,0.45898565419838355,0.5211111111111111,0
2023-07-29,1,0,0.5731192,0.49902598013719784,0.5211111111111111,0
2023-07-30,1,0,0.4808069,0.4474925093290616,0.5211111111111111,0
2023-07-31,1,1,0.58531636,0.5059962224289659,0.5211111111111111,1
2023-08-01,1,0,0.4337811,0.4215404829260928,0.5211111111111111,0
2023-08-02,2,1,0.58178777,0.5070081812791271,0.5157407407407407,1
2023-08-03,2,0,0.6177344,0.5239733774957083,0.5157407407407407,1
2023-08-04,2,0,0.6415659,0.5355192047114926,0.5157407407407407,1
2023-08-05,2,0,0.68533045,0.5575637233023882,0.5157407407407407,1
2023-08-06,2,1,0.6662499,0.5478000118296619,0.5157407407407407,1
2023-08-07,2,1,0.5341529,0.4851029740627417,0.5157407407407407,0
2023-08-08,2,0,0.57955235,0.5059677099182471,0.5157407407407407,1
2023-08-09,2,0,0.573945,0.5033641322962441,0.5157407407407407,1
2023-08-10,2,0,0.53287166,0.484519955225382,0.5157407407407407,0
2023-08-11,2,1,0.6559935,0.5426530513099076,0.5157407407407407,1
2023-08-12,2,0,0.6041975,0.517528379223415,0.5157407407407407,1
2023-08-13,2,1,0.6723024,0.5508694351667873,0.5157407407407407,1
2023-08-14,2,0,0.5671899,0.5002390522700889,0.5157407407407407,1
2023-08-15,2,0,0.56597275,0.4996772333571944,0.5157407407407407,0
2023-08-16,2,0,0.63721293,0.5333893506549651,0.5157407407407407,1
2023-08-17,2,0,0.57392645,0.5033555399314117,0.5157407407407407,1
2023-08-18,2,1,0.63958067,0.5345466141484536,0.5157407407407407,1
2023-08-19,2,1,0.5418595,0.4886151445279264,0.5157407407407407,0
2023-08-20,2,0,0.53739345,0.48657863748824426,0.5157407407407407,0
2023-08-21,2,0,0.56150925,0.49762001465098915,0.5157407407407407,0
2023-08-22,2,1,0.54584724,0.49043644204034786,0.5157407407407407,0
2023-08-23,2,0,0.41883075,0.43286564143004447,0.5157407407407407,0
2023-08-24,2,0,0.45828488,0.45079089918538734,0.5157407407407407,0
2023-08-25,2,0,0.56057304,0.4971891176846389,0.5157407407407407,0
2023-08-26,2,1,0.57544446,0.5040594888292957,0.5157407407407407,1
2023-08-27,2,1,0.4641322,0.4534337328201602,0.5157407407407407,0
2023-08-28,2,1,0.50631505,0.47248046044701875,0.5157407407407407,0
2023-08-29,2,0,0.40754327,0.42769112013441646,0.5157407407407407,0
2023-08-30,2,0,0.36453494,0.40766696048664997,0.5157407407407407,0
2023-08-31,2,0,0.54039526,0.487947085671505,0.5157407407407407,0
2023-09-01,2,1,0.4944518,0.4671209700225713,0.5157407407407407,0
2023-09-02,2,1,0.5424481,0.4888837936341474,0.5157407407407407,0
2023-09-03,2,0,0.4399714,0.4424953112246579,0.5157407407407407,0
2023-09-04,2,0,0.5180635,0.4777974915609259,0.5157407407407407,0
2023-09-05,2,0,0.5724692,0.5026803519483405,0.5157407407407407,1
2023-09-06,2,1,0.46022382,0.45166748954082475,0.5157407407407407,0
2023-09-07,2,0,0.32651097,0.3893809274499994,0.5157407407407407,0
2023-09-08,2,0,0.42031202,0.4335427959918197,0.5157407407407407,0
2023-09-09,2,0,0.4265344,0.4363830050308612,0.5157407407407407,0
2023-09-10,2,0,0.3887743,0.4190203841823211,0.5157407407407407,0
2023-09-11,2,1,0.49291465,0.46642698138309785,0.5157407407407407,0
2023-09-12,2,1,0.44861332,0.4464140089164013,0.5157407407407407,0
2023-09-13,2,1,0.3257701,0.3890175804980313,0.5157407407407407,0
2023-09-14,2,1,0.31939247,0.385876937787616,0.5157407407407407,0
2023-09-15,2,0,0.3290036,0.390601216840792,0.5157407407407407,0
2023-09-16,2,0,0.45533007,0.44945451709752043,0.5157407407407407,0
2023-09-17,2,1,0.45921433,0.45121113120552575,0.5157407407407407,0
2023-09-18,2,1,0.33700028,0.3944938722201551,0.5157407407407407,0
2023-09-19,2,0,0.37820905,0.41409584808131367,0.5157407407407407,0
2023-09-20,2,0,0.6293037,0.5295442231767351,0.5157407407407407,1
2023-09-21,2,1,0.5283206,0.48245095873226096,0.5157407407407407,0
2023-09-22,2,0,0.647063,0.5382233927959001,0.5157407407407407,1
2023-09-23,2,0,0.68491274,0.5573471419457433,0.5157407407407407,1
2023-09-24,2,1,0.60390794,0.5173913144880924,0.5157407407407407,1
2023-09-25,2,0,0.57680684,0.5046918164808141,0.5157407407407407,1
2023-09-26,2,1,0.5359095,0.4859026658547427,0.5157407407407407,0
2023-09-27,2,1,0.5007212,0.4699524235131467,0.5157407407407407,0
2023-09-28,2,0,0.5746421,0.5036873401992082,0.5157407407407407,1
2023-09-29,2,1,0.6286668,0.5292359397778217,0.5157407407407407,1
2023-09-30,2,1,0.69822913,0.5643196844889253,0.5157407407407407,1
2023-10-01,2,0,0.4456901,0.44508939501092665,0.5157407407407407,0
2023-10-02,2,0,0.59047794,0.5110676594966788,0.5157407407407407,1
2023-10-03,2,1,0.6304481,0.5300986723507614,0.5157407407407407,1
2023-10-04,2,0,0.5973037,0.5142736216367517,0.5157407407407407,1
2023-10-05,2,1,0.4449989,0.4447760535595357,0.5157407407407407,0
2023-10-06,2,1,0.46591333,0.45423837002676015,0.5157407407407407,0
2023-10-07,2,0,0.5870979,0.5094858726985062,0.5157407407407407,1
2023-10-08,2,0,0.4992903,0.4693060208729447,0.5157407407407407,0
2023-10-09,2,0,0.45491987,0.44926894191505196,0.5157407407407407,0
2023-10-10,2,0,0.45872536,0.45099006108437106,0.5157407407407407,0
2023-10-11,2,0,0.44808164,0.44617315425770315,0.5157407407407407,0
2023-10-12,2,1,0.4747882,0.4582456693805627,0.5157407407407407,0
2023-10-13,2,0,0.42494896,0.4356599670991886,0.5157407407407407,0
2023-10-14,2,1,0.52499634,0.4809414287545237,0.5157407407407407,0
2023-10-15,2,1,0.39977178,0.4241118885076571,0.5157407407407407,0
2023-10-16,2,0,0.45304444,0.4484203165348388,0.5157407407407407,0
2023-10-17,2,0,0.45585465,0.44969181925791424,0.5157407407407407,0
2023-10-18,2,1,0.40781716,0.4278170001578559,0.5157407407407407,0
2023-10-19,2,1,0.36888665,0.4097201897272263,0.5157407407407407,0
2023-10-20,2,1,0.4935002,0.46669133900049575,0.5157407407407407,0
2023-10-21,2,1,0.43282226,0.4392465462016219,0.5157407407407407,0
2023-10-22,2,1,0.501055,0.47010322177676755,0.5157407407407407,0
2023-10-23,2,1,0.52174026,0.4794641749289697,0.5157407407407407,0
2023-10-24,2,1,0.58956456,0.5106398515222054,0.5157407407407407,1
2023-10-25,2,0,0.47629282,0.4589248273996505,0.5157407407407407,0
2023-10-26,2,0,0.5448984,0.49000282023557207,0.5157407407407407,0
2023-10-27,2,1,0.6154921,0.5229005914599884,0.5157407407407407,1
2023-10-28,2,1,0.5852283,0.5086125395182917,0.5157407407407407,1
2023-10-29,2,0,0.43435007,0.439941421418645,0.5157407407407407,0
2023-10-30,2,1,0.45902357,0.45112488522378613,0.5157407407407407,0
2023-10-31,2,1,0.44269648,0.4437319269675413,0.5157407407407407,0
2023-11-01,2,0,0.43467543,0.44008935345878797,0.5157407407407407,0
2023-11-02,2,0,0.48370916,0.4622719841988697,0.5157407407407407,0
2023-11-03,2,1,0.47483274,0.4582657810158074,0.5157407407407407,0
2023-11-04,2,0,0.4748827,0.4582883275180948,0.5157407407407407,0
2023-11-05,2,0,0.4623365,0.45262235330668527,0.5157407407407407,0
2023-11-06,2,1,0.53521824,0.4855879159390125,0.5157407407407407,0
2023-11-07,2,1,0.4350765,0.44027169704593383,0.5157407407407407,0
2023-11-08,2,1,0.4200218,0.4334101577587212,0.5157407407407407,0
2023-11-09,2,1,0.49110514,0.46561011453194007,0.5157407407407407,0
2023-11-10,2,0,0.40800995,0.4279055991007542,0.5157407407407407,0
2023-11-11,2,0,0.5088842,0.47364222042839504,0.5157407407407407,0
2023-11-12,2,0,0.5946065,0.513004880373546,0.5157407407407407,1
2023-11-13,2,0,0.6149428,0.5226381047944171,0.5157407407407407,1
2023-11-14,2,1,0.67779243,0.55367540130489,0.5157407407407407,1
2023-11-15,2,0,0.4745399,0.4581335949460936,0.5157407407407407,0
2023-11-16,2,1,0.6293268,0.5295554214102642,0.5157407407407407,1
2023-11-17,2,0,0.49200496,0.466016310409733,0.5157407407407407,0
2023-11-18,2,1,0.5015146,0.4703108752503375,0.5157407407407407,0
2023-11-19,2,1,0.45844188,0.4508618875438707,0.5157407407407407,0
2023-11-20,2,0,0.5135651,0.4757602434333764,0.5157407407407407,0
2023-11-21,2,1,0.6072091,0.5189558427024582,0.5157407407407407,1
2023-11-22,2,0,0.50944996,0.47389812452914026,0.5157407407407407,0
2023-11-23,2,1,0.5170054,0.477318115501786,0.5157407407407407,0
2023-11-24,2,1,0.46225083,0.45258363334656543,0.5157407407407407,0
2023-11-25,2,0,0.55383235,0.4940924902539656,0.5157407407407407,0
2023-11-26,2,0,0.52281857,0.4799532553831599,0.5157407407407407,0
2023-11-27,2,1,0.50717175,0.4728678052366523,0.5157407407407407,0
2023-11-28,2,1,0.45299587,0.44839833132502943,0.5157407407407407,0
2023-11-29,2,0,0.4700663,0.4561139331103801,0.5157407407407407,0
2023-11-30,2,1,0.53814775,0.4869223638493314,0.5157407407407407,0
2023-12-01,2,1,0.44287974,0.4438150538547025,0.5157407407407407,0
2023-12-02,2,1,0.44857877,0.4463983623207732,0.5157407407407407,0
2023-12-03,2,1,0.45519003,0.44939116364067666,0.5157407407407407,0
2023-12-04,2,1,0.54314,0.4891996663827179,0.5157407407407407,0
2023-12-05,2,0,0.5170037,0.4773173594765975,0.5157407407407407,0
2023-12-06,2,0,0.57897973,0.5057014208313094,0.5157407407407407,1
2023-12-07,2,1,0.5064426,0.4725381291159567,0.5157407407407407,0
2023-12-08,2,0,0.46699193,0.4547255599136317,0.5157407407407407,0
2023-12-09,2,1,0.5180486,0.47779073976066416,0.5157407407407407,0
2023-12-10,2,0,0.58692026,0.5094028520200484,0.5157407407407407,1
2023-12-11,2,1,0.5417033,0.4885438503781646,0.5157407407407407,0
2023-12-12,2,1,0.47208348,0.4570246847265081,0.5157407407407407,0
2023-12-13,2,1,0.5450617,0.4900774440551233,0.5157407407407407,0
2023-12-14,2,0,0.4998826,0.4695735815885105,0.5157407407407407,0
2023-12-15,2,1,0.55846983,0.49622183607770287,0.5157407407407407,0
2023-12-16,2,0,0.46643248,0.45447287196663694,0.5157407407407407,0
2023-12-17,2,1,0.5063931,0.4725157352160433,0.5157407407407407,0
2023-12-18,2,0,0.53752863,0.4866402326296031,0.5157407407407407,0
2023-12-19,2,1,0.50957793,0.4739560110009946,0.5157407407407407,0
2023-12-20,2,1,0.501689,0.4703896739825466,0.5157407407407407,0
2023-12-21,2,1,0.44593707,0.44520134126219035,0.5157407407407407,0
2023-12-22,2,0,0.44938284,0.4467625640758995,0.5157407407407407,0
2023-12-23,2,0,0.5414978,0.488450094502891,0.5157407407407407,0
2023-12-24,2,1,0.44687104,0.445624630364286,0.5157407407407407,0
2023-12-25,2,0,0.4575977,0.4504801629743027,0.5157407407407407,0
2023-12-26,2,1,0.5644585,0.4989787743414095,0.5157407407407407,0
2023-12-27,2,0,0.4537855,0.44875568064085963,0.5157407407407407,0
2023-12-28,2,0,0.4868676,0.463697443445689,0.5157407407407407,0
2023-12-29,2,1,0.45791924,0.4506255628432584,0.5157407407407407,0
2023-12-30,2,1,0.41666773,0.43187606972032033,0.5157407407407407,0
2023-12-31,2,1,0.41184375,0.42966574574891647,0.5157407407407407,0
2024-01-01,2,1,0.42958608,0.43777353636039945,0.5157407407407407,0
2024-01-02,2,0,0.4593713,0.4512820960091981,0.5157407407407407,0
2024-01-03,2,1,0.45626903,0.44987925150513264,0.5157407407407407,0
2024-01-04,2,0,0.44846272,0.4463457921308861,0.5157407407407407,0
2024-01-05,2,0,0.43528107,0.4403646892820359,0.5157407407407407,0
2024-01-06,2,0,0.5179887,0.47776359775217225,0.5157407407407407,0
2024-01-07,2,1,0.47028968,0.45621479072110505,0.5157407407407407,0
2024-01-08,2,0,0.5580902,0.4960473517225382,0.5157407407407407,0
2024-01-09,2,1,0.56622225,0.49979237330586074,0.5157407407407407,0
2024-01-10,2,0,0.5355216,0.4857260527082375,0.5157407407407407,0
2024-01-11,2,0,0.5569779,0.4955363017535412,0.5157407407407407,0
2024-01-12,2,0,0.48664448,0.4635967384235356,0.5157407407407407,0
2024-01-13,2,0,0.5179919,0.4777650561194484,0.5157407407407407,0
2024-01-14,2,1,0.56576586,0.49958177189961683,0.5157407407407407,0
2024-01-15,2,1,0.46508133,0.45386253376051117,0.5157407407407407,0
2024-01-16,2,0,0.46077308,0.45191576205974593,0.5157407407407407,0
2024-01-17,2,0,0.50500876,0.47188993120445305,0.5157407407407407,0
2024-01-18,2,1,0.6364632,0.5330235260574556,0.5157407407407407,1
2024-01-19,2,1,0.43931976,0.44219947487263234,0.5157407407407407,0
2024-01-20,2,0,0.5191431,0.4782867339311498,0.5157407407407407,0
2024-01-21,2,0,0.52790534,0.48226231161692745,0.5157407407407407,0
2024-01-22,2,1,0.5765526,0.5045737875915771,0.5157407407407407,1
2024-01-23,2,1,0.43956992,0.44231305314286273,0.5157407407407407,0
2024-01-24,2,0,0.47290355,0.4573949093859444,0.5157407407407407,0
2024-01-25,2,1,0.52952427,0.4829978861063484,0.5157407407407407,0
2024-01-26,2,1,0.44551143,0.4450084065030662,0.5157407407407407,0
2024-01-27,2,0,0.4004224,0.42441209955157017,0.5157407407407407,0
2024-01-28,2,1,0.3773752,0.41370566619382715,0.5157407407407407,0
2024-01-29,3,0,0.36470267,0.5104500264615852,0.5087301587301587,1
2024-01-30,3,0,0.38329825,0.5089830245243556,0.5087301587301587,1
2024-01-31,3,1,0.37716922,0.5094633502316779,0.5087301587301587,1
2024-02-01,3,1,0.36247241,0.5106280095805831,0.5087301587301587,1
2024-02-02,3,0,0.36329556,0.5105622655807758,0.5087301587301587,1
2024-02-03,3,0,0.590655,0.49342462298554357,0.5087301587301587,0
2024-02-04,3,1,0.487471,0.5011242579851759,0.5087301587301587,1
2024-02-05,3,1,0.36863676,0.510137187316523,0.5087301587301587,1
2024-02-06,3,1,0.3648384,0.5104392104589738,0.5087301587301587,1
2024-02-07,3,1,0.40806633,0.507069467543536,0.5087301587301587,1
2024-02-08,3,1,0.41715753,0.5063765953772567,0.5087301587301587,1
2024-02-09,3,1,0.5234895,0.49846115585063716,0.5087301587301587,0
2024-02-10,3,1,0.49268347,0.5007389220954395,0.5087301587301587,1
2024-02-11,3,1,0.5348994,0.4976150934385327,0.5087301587301587,0
2024-02-12,3,0,0.5602317,0.49572569581788223,0.5087301587301587,0
2024-02-13,3,1,0.62491685,0.4907687713402537,0.5087301587301587,0
2024-02-14,3,1,0.5473028,0.4966922741913106,0.5087301587301587,0
2024-02-15,3,1,0.49863404,0.5002991582530696,0.5087301587301587,1
2024-02-16,3,0,0.4461839,0.5041904041587246,0.5087301587301587,1
2024-02-17,3,1,0.4465905,0.5041600087993593,0.5087301587301587,1
2024-02-18,3,0,0.41261736,0.5067220534798879,0.5087301587301587,1
2024-02-19,3,1,0.5733421,0.4947393126376826,0.5087301587301587,0
2024-02-20,3,0,0.45327324,0.5036612000774521,0.5087301587301587,1
2024-02-21,3,0,0.57895035,0.4943150878592625,0.5087301587301587,0
2024-02-22,3,0,0.55555725,0.49607579317968836,0.5087301587301587,0
2024-02-23,3,1,0.51429677,0.49914145070754007,0.5087301587301587,0
2024-02-24,3,1,0.49019265,0.5009230385964742,0.5087301587301587,1
2024-02-25,3,1,0.40225998,0.5075144602492491,0.5087301587301587,1
2024-02-26,3,1,0.44253832,0.504463157290527,0.5087301587301587,1
2024-02-27,3,1,0.5401019,0.4972284811205584,0.5087301587301587,0
2024-02-28,3,0,0.51783633,0.4988796192098034,0.5087301587301587,0
2024-02-29,3,1,0.5577453,0.49591201334957946,0.5087301587301587,0
2024-03-01,3,0,0.5341583,0.4976701210995941,0.5087301587301587,0
2024-03-02,3,1,0.55395806,0.4961953953436617,0.5087301587301587,0
2024-03-03,3,1,0.49400744,0.5006410683453004,0.5087301587301587,1
2024-03-04,3,0,0.4091827,0.5069841385626559,0.5087301587301587,1
2024-03-05,3,1,0.4052849,0.5072823803698436,0.5087301587301587,1
2024-03-06,3,1,0.37802103,0.5093964153385852,0.5087301587301587,1
2024-03-07,3,1,0.39412826,0.5081412177398507,0.5087301587301587,1
2024-03-08,3,1,0.36307117,0.5105801805667466,0.5087301587301587,1
2024-03-09,3,1,0.47662935,0.5019264765790615,0.5087301587301587,1
2024-03-10,3,1,0.35202944,0.5114678252605609,0.5087301587301587,1
2024-03-11,3,0,0.33336177,0.5129982036075049,0.5087301587301587,1
2024-03-12,3,1,0.43271533,0.5052004728453169,0.5087301587301587,1
2024-03-13,3,0,0.35471585,0.511250741962603,0.5087301587301587,1
2024-03-14,3,0,0.42109326,0.5060779903821013,0.5087301587301587,1
2024-03-15,3,0,0.47527418,0.5020268496054271,0.5087301587301587,1
2024-03-16,3,1,0.41362268,0.5066454646075651,0.5087301587301587,1
2024-03-17,3,0,0.35205743,0.5114655600495617,0.5087301587301587,1
2024-03-18,3,0,0.43074542,0.5053487908268822,0.5087301587301587,1
2024-03-19,3,1,0.49673587,0.5004394293381876,0.5087301587301587,1
2024-03-20,3,0,0.37620825,0.5095389345658959,0.5087301587301587,1
2024-03-21,3,0,0.5208329,0.4986578528468688,0.5087301587301587,0
2024-03-22,3,1,0.5073559,0.4996546023136873,0.5087301587301587,0
2024-03-23,3,1,0.4173981,0.5063583212113676,0.5087301587301587,1
2024-03-24,3,1,0.4868138,0.5011728546778235,0.5087301587301587,1
2024-03-25,3,1,0.38257346,0.5090396719168211,0.5087301587301587,1
2024-03-26,3,0,0.37366825,0.5097390834332907,0.5087301587301587,1
2024-03-27,3,1,0.4696888,0.5024408388952643,0.5087301587301587,1
2024-03-28,3,0,0.4828145,0.5014686627977478,0.5087301587301587,1
2024-03-29,3,0,0.52689993,0.49820849535581563,0.5087301587301587,0
2024-03-30,3,1,0.5411939,0.49714725063130183,0.5087301587301587,0
2024-03-31,3,0,0.42203996,0.5060062781268657,0.5087301587301587,1
2024-04-01,3,0,0.53848475,0.4973487207281419,0.5087301587301587,0
2024-04-02,3,1,0.5379542,0.4973881551496445,0.5087301587301587,0
2024-04-03,3,1,0.4476553,0.5040804409613988,0.5087301587301587,1
2024-04-04,3,0,0.516631,0.498968794026859,0.5087301587301587,0
2024-04-05,3,1,0.53008413,0.4979724304139319,0.5087301587301587,0
2024-04-06,3,1,0.528599,0.49808255232166937,0.5087301587301587,0
2024-04-07,3,1,0.47015283,0.5024064255657182,0.5087301587301587,1
2024-04-08,3,0,0.45983297,0.5031727870357994,0.5087301587301587,1
2024-04-09,3,1,0.51428646,0.4991422133192357,0.5087301587301587,0
2024-04-10,3,0,0.41867352,0.5062614849051652,0.5087301587301587,1
2024-04-11,3,0,0.3540892,0.5113013141243149,0.5087301587301587,1
2024-04-12,3,0,0.56929874,0.49504427668330964,0.5087301587301587,0
2024-04-13,3,1,0.5440753,0.49693277224812143,0.5087301587301587,0
2024-04-14,3,0,0.47507358,0.5020417095809274,0.5087301587301587,1
2024-04-15,3,1,0.57751477,0.4944238205153335,0.5087301587301587,0
2024-04-16,3,0,0.42778173,0.5055722440404744,0.5087301587301587,1
2024-04-17,3,1,0.5784343,0.49435418621114624,0.5087301587301587,0
2024-04-18,3,1,0.4846841,0.5013303594265006,0.5087301587301587,1
2024-04-19,3,1,0.4705166,0.502379450123039,0.5087301587301587,1
2024-04-20,3,0,0.29588988,0.5162086204571774,0.5087301587301587,1
2024-04-21,3,1,0.36158842,0.5106986855333269,0.5087301587301587,1
2024-04-22,3,0,0.32875568,0.5133821818404017,0.5087301587301587,1
2024-04-23,3,0,0.38249898,0.5090454950111603,0.5087301587301587,1
2024-04-24,3,1,0.4947356,0.500587253148724,0.5087301587301587,1
2024-04-25,3,0,0.4189582,0.5062398824424709,0.5087301587301587,1
2024-04-26,3,0,0.44871464,0.50400131383141,0.5087301587301587,1
2024-04-27,3,0,0.48387596,0.5013901374702178,0.5087301587301587,1
2024-04-28,3,1,0.4800651,0.5016721113168043,0.5087301587301587,1
2024-04-29,3,0,0.36047885,0.5107875017854273,0.5087301587301587,1
2024-04-30,3,0,0.47596613,0.5019755958885692,0.5087301587301587,1
2024-05-01,3,1,0.5796792,0.4942598457007603,0.5087301587301587,0
2024-05-02,3,1,0.49561563,0.5005222158598781,0.5087301587301587,1
2024-05-03,3,1,0.47377843,0.5021376659323874,0.5087301587301587,1
2024-05-04,3,1,0.33983257,0.512463193374238,0.5087301587301587,1
2024-05-05,3,0,0.29588646,0.5162089240459069,0.5087301587301587,1
2024-05-06,3,0,0.35943156,0.5108714411010671,0.5087301587301587,1
2024-05-07,3,0,0.33735552,0.5126674038348072,0.5087301587301587,1
2024-05-08,3,1,0.4336722,0.505128486453158,0.5087301587301587,1
2024-05-09,3,0,0.34820846,0.5117778939890998,0.5087301587301587,1
2024-05-10,3,1,0.51606786,0.49901045279597295,0.5087301587301587,0
2024-05-11,3,1,0.44181412,0.5045173939091837,0.5087301587301587,1
2024-05-12,3,1,0.4153681,0.5065126206060735,0.5087301587301587,1
2024-05-13,3,0,0.2827808,0.5173852388305967,0.5087301587301587,1
2024-05-14,3,1,0.42104352,0.5060817593800669,0.5087301587301587,1
2024-05-15,3,0,0.44610715,0.5041961412025151,0.5087301587301587,1
2024-05-16,3,1,0.33238333,0.5130795457847029,0.5087301587301587,1
2024-05-17,3,0,0.38237268,0.5090553712517585,0.5087301587301587,1
2024-05-18,3,0,0.40695336,0.5071546086400904,0.5087301587301587,1
2024-05-19,3,1,0.3701616,0.510016305704225,0.5087301587301587,1
2024-05-20,3,0,0.43729594,0.5048561959208572,0.5087301587301587,1
2024-05-21,3,0,0.44726628,0.5041095063965679,0.5087301587301587,1
2024-05-22,3,0,0.38766456,0.5086426099618172,0.5087301587301587,1
2024-05-23,3,1,0.41623402,0.506446776730031,0.5087301587301587,1
2024-05-24,3,1,0.37619,0.5095403698676875,0.5087301587301587,1
2024-05-25,3,0,0.5599476,0.49574699409257983,0.5087301587301587,0
2024-05-26,3,1,0.5970906,0.4929317652957815,0.5087301587301587,0
2024-05-27,3,0,0.44781566,0.5040684603442546,0.5087301587301587,1
2024-05-28,3,0,0.41638198,0.5064355290651963,0.5087301587301587,1
2024-05-29,3,1,0.4646624,0.5028138726233113,0.5087301587301587,1
2024-05-30,3,0,0.4484039,0.504024521227931,0.5087301587301587,1
2024-05-31,3,1,0.48112231,0.5015938703711682,0.5087301587301587,1
2024-06-01,3,1,0.44633013,0.5041794719974558,0.5087301587301587,1
2024-06-02,3,1,0.42062414,0.5061135421040786,0.5087301587301587,1
2024-06-03,3,1,0.36702722,0.5102650080889597,0.5087301587301587,1
2024-06-04,3,1,0.33004972,0.5132740343936746,0.5087301587301587,1
2024-06-05,3,0,0.3505355,0.5115888715555582,0.5087301587301587,1
2024-06-06,3,0,0.3749009,0.5096418841507036,0.5087301587301587,1
2024-06-07,3,0,0.40562162,0.5072565817386209,0.5087301587301587,1
2024-06-08,3,1,0.4371554,0.504866747233615,0.5087301587301587,1
2024-06-09,3,0,0.533428,0.4977243324081609,0.5087301587301587,0
2024-06-10,3,0,0.49913543,0.5002621068210652,0.5087301587301587,1
2024-06-11,3,1,0.53090054,0.49791187679836973,0.5087301587301587,0
2024-06-12,3,0,0.3996017,0.5077188776915205,0.5087301587301587,1
2024-06-13,3,0,0.4649821,0.5027901319306683,0.5087301587301587,1
2024-06-14,3,1,0.5223979,0.49854199069234795,0.5087301587301587,0
2024-06-15,3,1,0.48282415,0.5014679484198347,0.5087301587301587,1
2024-06-16,3,0,0.3891891,0.5085240831629225,0.5087301587301587,1
2024-06-17,3,0,0.47356385,0.5021535661871759,0.5087301587301587,1
2024-06-18,3,0,0.54545563,0.4968299508858511,0.5087301587301587,0
2024-06-19,3,0,0.5645511,0.49540148003778267,0.5087301587301587,0
2024-06-20,3,0,0.5453492,0.49683788253586325,0.5087301587301587,0
2024-06-21,3,1,0.56485486,0.49537865400561193,0.5087301587301587,0
2024-06-22,3,0,0.54304653,0.49700937381409055,0.5087301587301587,0
2024-06-23,3,0,0.59970355,0.4927309392709401,0.5087301587301587,0
2024-06-24,3,1,0.6651078,0.48752497355279434,0.5087301587301587,0
2024-06-25,3,0,0.5189895,0.4987942886660776,0.5087301587301587,0
2024-06-26,3,1,0.49021968,0.5009210403633733,0.5087301587301587,1
2024-06-27,3,0,0.49397597,0.500643394291129,0.5087301587301587,1
2024-06-28,3,1,0.4904836,0.5009015297196507,0.5087301587301587,1
2024-06-29,3,1,0.44135976,0.5045514317597002,0.5087301587301587,1
2024-06-30,3,1,0.30286443,0.5155949263066085,0.5087301587301587,1
2024-07-01,3,0,0.29591885,0.5162060545533914,0.5087301587301587,1
2024-07-02,3,0,0.3824844,0.5090466345143763,0.5087301587301587,1
2024-07-03,3,0,0.5617549,0.4956114452130054,0.5087301587301587,0
2024-07-04,3,0,0.5805673,0.4941924968694759,0.5087301587301587,0
2024-07-05,3,1,0.6121027,0.49177182117412,0.5087301587301587,0
2024-07-06,3,0,0.47756812,0.5018569597114971,0.5087301587301587,1
2024-07-07,3,1,0.51594937,0.4990192180356232,0.5087301587301587,0
2024-07-08,3,1,0.5577186,0.49591401312664435,0.5087301587301587,0
2024-07-09,3,0,0.3454392,0.5120036006305358,0.5087301587301587,1
2024-07-10,3,0,0.35975522,0.5108454890818105,0.5087301587301587,1
2024-07-11,3,1,0.45405722,0.5036027679978741,0.5087301587301587,1
2024-07-12,3,1,0.32462424,0.5137289177033272,0.5087301587301587,1
2024-07-13,3,1,0.2897488,0.5167559125664626,0.5087301587301587,1
2024-07-14,3,1,0.2997845,0.5158649277087857,0.5087301587301587,1
2024-07-15,3,1,0.46510738,0.5027808283373267,0.5087301587301587,1
2024-07-16,3,0,0.47791135,0.5018315459580235,0.5087301587301587,1
2024-07-17,3,0,0.4658475,0.5027258764518814,0.5087301587301587,1
2024-07-18,3,1,0.3545037,0.5112678594226608,0.5087301587301587,1
2024-07-19,3,1,0.44812414,0.5040454164526009,0.5087301587301587,1
2024-07-20,3,1,0.37131312,0.5099251531608561,0.5087301587301587,1
2024-07-21,3,0,0.3494395,0.5116778262828808,0.5087301587301587,1
2024-07-22,3,0,0.39346325,0.5081926677312428,0.5087301587301587,1
2024-07-23,3,0,0.42169002,0.5060327808242551,0.5087301587301587,1
2024-07-24,3,1,0.47127467,0.5023232413575299,0.5087301587301587,1
2024-07-25,3,1,0.44471744,0.5043000673723771,0.5087301587301587,1
2024-07-26,3,0,0.44715136,0.5041180935623685,0.5087301587301587,1
2024-07-27,4,1,0.3780218,0.47290079301476473,0.5076388888888889,0
2024-07-28,4,0,0.37186497,0.46682082805432473,0.5076388888888889,0
2024-07-29,4,0,0.44488993,0.5370573496526673,0.5076388888888889,1
2024-07-30,4,0,0.38468775,0.47944886681875026,0.5076388888888889,0
2024-07-31,4,1,0.4533113,0.5449105725904579,0.5076388888888889,1
2024-08-01,4,0,0.4764526,0.566251459232527,0.5076388888888889,1
2024-08-02,4,0,0.4917108,0.5801384081743899,0.5076388888888889,1
2024-08-03,4,0,0.43465,0.527443334657883,0.5076388888888889,1
2024-08-04,4,0,0.51950014,0.6050755138855353,0.5076388888888889,1
2024-08-05,4,1,0.56079996,0.6413513318076928,0.5076388888888889,1
2024-08-06,4,0,0.5029001,0.5902330807013966,0.5076388888888889,1
2024-08-07,4,1,0.5175575,0.6033466214044495,0.5076388888888889,1
2024-08-08,4,0,0.37428525,0.4692145884466089,0.5076388888888889,0
2024-08-09,4,1,0.36552772,0.46053002947375393,0.5076388888888889,0
2024-08-10,4,0,0.32877788,0.42336557132937286,0.5076388888888889,0
2024-08-11,4,1,0.5027883,0.5901325655725289,0.5076388888888889,1
2024-08-12,4,1,0.39870295,0.4931015712172812,0.5076388888888889,0
2024-08-13,4,0,0.4700328,0.5603655317043114,0.5076388888888889,1
2024-08-14,4,0,0.5475004,0.6297669659735471,0.5076388888888889,1
2024-08-15,4,1,0.55955416,0.6402699853501356,0.5076388888888889,1
2024-08-16,4,1,0.39631546,0.49078663048896,0.5076388888888889,0
2024-08-17,4,0,0.30815786,0.40196988544490525,0.5076388888888889,0
2024-08-18,4,1,0.49669564,0.5846447140554136,0.5076388888888889,1
2024-08-19,4,0,0.32519993,0.4196821185439437,0.5076388888888889,0
2024-08-20,4,1,0.40132275,0.49563673291680804,0.5076388888888889,0
2024-08-21,4,0,0.36769524,0.46268542674417157,0.5076388888888889,0
2024-08-22,4,1,0.3857293,0.4804687974253125,0.5076388888888889,0
2024-08-23,4,1,0.47400227,0.5640079628917222,0.5076388888888889,1
2024-08-24,4,1,0.41658476,0.5103029105186178,0.5076388888888889,1
2024-08-25,4,0,0.427025,0.5202370440126036,0.5076388888888889,1
2024-08-26,4,0,0.32577205,0.42027191027662475,0.5076388888888889,0
2024-08-27,4,0,0.48617572,0.5751171905407428,0.5076388888888889,1
2024-08-28,4,1,0.41592383,0.5096713646123638,0.5076388888888889,1
2024-08-29,4,0,0.3805763,0.47541435231947354,0.5076388888888889,0
2024-08-30,4,0,0.41745657,0.5111354750318081,0.5076388888888889,1
2024-08-31,4,0,0.3683776,0.4633631510265491,0.5076388888888889,0
2024-09-01,4,1,0.45566902,0.5471007577114002,0.5076388888888889,1
2024-09-02,4,0,0.32389396,0.41833464532848824,0.5076388888888889,0
2024-09-03,4,1,0.43117386,0.5241631563275532,0.5076388888888889,1
2024-09-04,4,0,0.43839154,0.5309645346381847,0.5076388888888889,1
2024-09-05,4,0,0.5069224,0.5938439631178911,0.5076388888888889,1
2024-09-06,4,1,0.5618148,0.642231628830641,0.5076388888888889,1
2024-09-07,4,1,0.4678845,0.558390056759356,0.5076388888888889,1
2024-09-08,4,1,0.4024666,0.49674197913132423,0.5076388888888889,0
2024-09-09,4,1,0.53001165,0.614394317443379,0.5076388888888889,1
2024-09-10,4,0,0.34549618,0.4404207605518984,0.5076388888888889,0
2024-09-11,4,1,0.35955918,0.4545744237662974,0.5076388888888889,0
2024-09-12,4,1,0.29977676,0.39315459926828,0.5076388888888889,0
2024-09-13,4,0,0.38227728,0.47708513743826875,0.5076388888888889,0
2024-09-14,4,0,0.36876038,0.4637431651006281,0.5076388888888889,0
2024-09-15,4,0,0.33220562,0.42688320300770055,0.5076388888888889,0
2024-09-16,4,1,0.36342904,0.45843933268343207,0.5076388888888889,0
2024-09-17,4,1,0.3518651,0.44685209816523974,0.5076388888888889,0
2024-09-18,4,1,0.3364123,0.43118540294620494,0.5076388888888889,0
2024-09-19,4,1,0.33330977,0.42801399081583,0.5076388888888889,0
2024-09-20,4,1,0.35834888,0.45336305308756053,0.5076388888888889,0
2024-09-21,4,1,0.3822223,0.47703116416341046,0.5076388888888889,0
2024-09-22,4,0,0.36416,0.45916793485411833,0.5076388888888889,0
2024-09-23,4,1,0.37066662,0.4656338190351512,0.5076388888888889,0
2024-09-24,4,0,0.34385583,0.4387585316721833,0.5076388888888889,0
2024-09-25,4,1,0.4695063,0.5598816428057166,0.5076388888888889,1
2024-09-26,4,1,0.35782617,0.45283950103115733,0.5076388888888889,0
2024-09-27,4,1,0.34725094,0.44219628175897985,0.5076388888888889,0
2024-09-28,4,0,0.37221438,0.4671667001793367,0.5076388888888889,0
2024-09-29,4,0,0.41247055,0.5063663743084634,0.5076388888888889,1
2024-09-30,4,0,0.38823316,0.4829171202952174,0.5076388888888889,0
2024-10-01,4,0,0.5289079,0.6134186385303794,0.5076388888888889,1
2024-10-02,4,1,0.46166068,0.5526502271374221,0.5076388888888889,1
2024-10-03,4,1,0.42389405,0.5172661100455855,0.5076388888888889,1
2024-10-04,4,1,0.37091985,0.46588475145566444,0.5076388888888889,0
2024-10-05,4,1,0.35143268,0.4464165561448941,0.5076388888888889,0
2024-10-06,4,0,0.375564,0.47047739669791894,0.5076388888888889,0
2024-10-07,4,0,0.38504177,0.47979563321923074,0.5076388888888889,0
2024-10-08,4,0,0.38060516,0.4754427084646348,0.5076388888888889,0
2024-10-09,4,0,0.44069406,0.533126662846421,0.5076388888888889,1
2024-10-10,4,1,0.43908444,0.5316155717910318,0.5076388888888889,1
2024-10-11,4,1,0.4234547,0.516848656266368,0.5076388888888889,1
2024-10-12,4,0,0.34333506,0.4382303183485403,0.5076388888888889,0
2024-10-13,4,1,0.35591713,0.4509253591186256,0.5076388888888889,0
2024-10-14,4,1,0.34650725,0.4414441290615434,0.5076388888888889,0
2024-10-15,4,1,0.46210557,0.5530613486794146,0.5076388888888889,1
2024-10-16,4,0,0.38015622,0.47500135462577825,0.5076388888888889,0
2024-10-17,4,1,0.4015014,0.49580940591302625,0.5076388888888889,0
2024-10-18,4,0,0.3527857,0.4477787704941102,0.5076388888888889,0
2024-10-19,4,1,0.39845577,0.4928621055960882,0.5076388888888889,0
2024-10-20,4,0,0.39348096,0.4880325547009342,0.5076388888888889,0
2024-10-21,4,0,0.45272616,0.5443664425995202,0.5076388888888889,1
2024-10-22,4,0,0.42171085,0.5151903292686607,0.5076388888888889,1
2024-10-23,4,1,0.45734963,0.5486597097979189,0.5076388888888889,1
2024-10-24,4,0,0.3897227,0.48437129325236505,0.5076388888888889,0
2024-10-25,4,1,0.4591889,0.5503637189478373,0.5076388888888889,1
2024-10-26,4,1,0.39546505,0.4899610030867356,0.5076388888888889,0
2024-10-27,4,1,0.37686697,0.47176272926297647,0.5076388888888889,0
2024-10-28,4,1,0.35086906,0.4458486355692955,0.5076388888888889,0
2024-10-29,4,0,0.44094878,0.5333656276629889,0.5076388888888889,1
2024-10-30,4,0,0.4336105,0.526463316869351,0.5076388888888889,1
2024-10-31,4,0,0.39781702,0.49224307159486996,0.5076388888888889,0
2024-11-01,4,0,0.38320115,0.4779916432604631,0.5076388888888889,0
2024-11-02,4,0,0.45288962,0.5445184749059417,0.5076388888888889,1
2024-11-03,4,0,0.4527894,0.544425261943445,0.5076388888888889,1
2024-11-04,4,1,0.45938063,0.5505412098856834,0.5076388888888889,1
2024-11-05,4,1,0.38116893,0.47599671986173536,0.5076388888888889,0
2024-11-06,4,1,0.43871468,0.5312681971499296,0.5076388888888889,1
2024-11-07,4,1,0.46783608,0.5583454900622888,0.5076388888888889,1
2024-11-08,4,1,0.42330056,0.5167021663183414,0.5076388888888889,1
2024-11-09,4,1,0.4731339,0.5632119750441458,0.5076388888888889,1
2024-11-10,4,1,0.45088935,0.5426568871094126,0.5076388888888889,1
2024-11-11,4,0,0.39685434,0.4913095233835438,0.5076388888888889,0
2024-11-12,4,1,0.44086355,0.5332856701278782,0.5076388888888889,1
2024-11-13,4,0,0.3898426,0.48448826459387484,0.5076388888888889,0
2024-11-14,4,1,0.411614,0.5055452474765442,0.5076388888888889,1
2024-11-15,4,0,0.33925274,0.43408119133672046,0.5076388888888889,0
2024-11-16,4,0,0.35528538,0.45029123238775715,0.5076388888888889,0
2024-11-17,4,1,0.37281013,0.467756197304455,0.5076388888888889,0
2024-11-18,4,1,0.3644613,0.4594681327024724,0.5076388888888889,0
2024-11-19,4,1,0.31989494,0.4141984745112914,0.5076388888888889,0
2024-11-20,4,1,0.3383212,0.4331323115586947,0.5076388888888889,0
2024-11-21,4,1,0.34969836,0.44466812284636464,0.5076388888888889,0
2024-11-22,4,0,0.3895921,0.4842438709024561,0.5076388888888889,0
2024-11-23,4,1,0.38119674,0.47602403748428557,0.5076388888888889,0
2024-11-24,4,0,0.3581127,0.4531265150030204,0.5076388888888889,0
2024-11-25,4,0,0.37527558,0.47019268412075543,0.5076388888888889,0
2024-11-26,4,1,0.44577172,0.5378818880039693,0.5076388888888889,1
2024-11-27,4,0,0.3796361,0.47448983255733695,0.5076388888888889,0
2024-11-28,4,1,0.38857555,0.4832515418369829,0.5076388888888889,0
2024-11-29,4,0,0.29086754,0.383705542253646,0.5076388888888889,0
2024-11-30,4,1,0.30797708,0.4017804794744939,0.5076388888888889,0
2024-12-01,4,0,0.33049312,0.4251271555611539,0.5076388888888889,0
2024-12-02,4,1,0.4022606,0.49654300974177296,0.5076388888888889,0
2024-12-03,4,1,0.3418797,0.4367528524196635,0.5076388888888889,0
2024-12-04,4,0,0.2821918,0.37442450626695895,0.5076388888888889,0
2024-12-05,4,1,0.3742752,0.46920466503684705,0.5076388888888889,0
2024-12-06,4,1,0.31299078,0.40702144664339607,0.5076388888888889,0
2024-12-07,4,1,0.29708794,0.3903114477388832,0.5076388888888889,0
2024-12-08,4,0,0.2841215,0.37649574904130595,0.5076388888888889,0
2024-12-09,4,0,0.45799035,0.5492535592620142,0.5076388888888889,1
2024-12-10,4,1,0.37250477,0.46745408335965266,0.5076388888888889,0
2024-12-11,4,0,0.3063502,0.40007452285738754,0.5076388888888889,0
2024-12-12,4,1,0.3388612,0.4336824521140498,0.5076388888888889,0
2024-12-13,4,0,0.27374274,0.36530832673466707,0.5076388888888889,0
2024-12-14,4,1,0.34047705,0.43532710915911377,0.5076388888888889,0
2024-12-15,4,1,0.31542125,0.40955323219833234,0.5076388888888889,0
2024-12-16,4,1,0.28106958,0.373218118959062,0.5076388888888889,0
2024-12-17,4,0,0.33656943,0.4313457745102699,0.5076388888888889,0
2024-12-18,4,0,0.41387856,0.5077149804736456,0.5076388888888889,1
2024-12-19,4,1,0.46855325,0.5590053081227645,0.5076388888888889,1
2024-12-20,4,0,0.45788047,0.5491517353709898,0.5076388888888889,1
2024-12-21,4,0,0.39597654,0.4904576617141604,0.5076388888888889,0
2024-12-22,4,0,0.46316028,0.5540354874055314,0.5076388888888889,1
2024-12-23,4,1,0.44415867,0.5363731691735406,0.5076388888888889,1
2024-12-24,4,1,0.44345948,0.5357186516404633,0.5076388888888889,1
2024-12-25,4,0,0.40403762,0.4982583790614912,0.5076388888888889,0
2024-12-26,4,0,0.52864873,0.6131894547277715,0.5076388888888889,1
2024-12-27,4,1,0.4708182,0.5610869981283709,0.5076388888888889,1
2024-12-28,4,0,0.31411114,0.4081892225049441,0.5076388888888889,0
2024-12-29,4,0,0.48537993,0.5743937630703988,0.5076388888888889,1
2024-12-30,4,1,0.44735354,0.5393596841786613,0.5076388888888889,1
2024-12-31,4,1,0.43063343,0.5236524262716986,0.5076388888888889,1
2025-01-01,4,1,0.38758612,0.4822849044506886,0.5076388888888889,0
2025-01-02,4,1,0.32141674,0.41577425303717197,0.5076388888888889,0
2025-01-03,4,1,0.31246468,0.4064726575330715,0.5076388888888889,0
2025-01-04,4,1,0.23997757,0.32806914239658974,0.5076388888888889,0
2025-01-05,4,1,0.25592363,0.34582165004348964,0.5076388888888889,0
2025-01-06,4,0,0.39101392,0.48563043153647484,0.5076388888888889,0
2025-01-07,4,0,0.37085193,0.46581745349760073,0.5076388888888889,0
2025-01-08,4,0,0.48387343,0.5730231725038762,0.5076388888888889,1
2025-01-09,4,1,0.51200926,0.5983971703132696,0.5076388888888889,1
2025-01-10,4,0,0.38090658,0.47573894323558824,0.5076388888888889,0
2025-01-11,4,0,0.46498632,0.5557203502649554,0.5076388888888889,1
2025-01-12,4,1,0.46715692,0.5577203288471392,0.5076388888888889,1
2025-01-13,4,1,0.457191,0.548512635279896,0.5076388888888889,1
2025-01-14,4,1,0.2951591,0.3882673477827078,0.5076388888888889,0
2025-01-15,4,0,0.27935898,0.3713766458318236,0.5076388888888889,0
2025-01-16,4,1,0.34733862,0.4422849260304146,0.5076388888888889,0
2025-01-17,4,0,0.45185214,0.5435532603251371,0.5076388888888889,1
2025-01-18,4,0,0.41404215,0.5078715689541924,0.5076388888888889,1
2025-01-19,4,1,0.3988695,0.4932629112452614,0.5076388888888889,0
2025-01-20,4,1,0.3434276,0.4383241956244369,0.5076388888888889,0
2025-01-21,4,0,0.39616483,0.49064043952156683,0.5076388888888889,0
2025-01-22,4,1,0.36882755,0.46380984138389997,0.5076388888888889,0
2025-01-23,5,1,0.4773369,0.5278968058628233,0.5098765432098765,1
2025-01-24,5,0,0.32200655,0.5492568957215895,0.5098765432098765,1
2025-01-25,5,0,0.3260827,0.5486510894172244,0.5098765432098765,1
2025-01-26,5,0,0.480147,0.5275278145000327,0.5098765432098765,1
2025-01-27,5,0,0.5010095,0.524791047993823,0.5098765432098765,1
2025-01-28,5,1,0.44975436,0.5315306732127799,0.5098765432098765,1
2025-01-29,5,1,0.3871161,0.5399603567996133,0.5098765432098765,1
2025-01-30,5,0,0.38547152,0.5401869067990427,0.5098765432098765,1
2025-01-31,5,0,0.4717158,0.5286354069820748,0.5098765432098765,1
2025-02-01,5,0,0.49845624,0.5251259068940302,0.5098765432098765,1
2025-02-02,5,1,0.5973871,0.5119721056256848,0.5098765432098765,1
2025-02-03,5,0,0.46392313,0.5296607405281673,0.5098765432098765,1
2025-02-04,5,0,0.61455953,0.5096089713861387,0.5098765432098765,1
2025-02-05,5,0,0.42493474,0.5348320251199927,0.5098765432098765,1
2025-02-06,5,0,0.39529163,0.538839029216436,0.5098765432098765,1
2025-02-07,5,0,0.40541783,0.5374606318290231,0.5098765432098765,1
2025-02-08,5,1,0.4374804,0.5331584304308705,0.5098765432098765,1
2025-02-09,5,1,0.45313084,0.5310842766433956,0.5098765432098765,1
2025-02-10,5,0,0.34415033,0.5460092056859263,0.5098765432098765,1
2025-02-11,5,1,0.39763153,0.5385195294802704,0.5098765432098765,1
2025-02-12,5,0,0.31810558,0.5498403101386844,0.5098765432098765,1
2025-02-13,5,1,0.37754944,0.5412831458484837,0.5098765432098765,1
2025-02-14,5,1,0.3574751,0.5441015618498769,0.5098765432098765,1
2025-02-15,5,0,0.41903225,0.5356234865301975,0.5098765432098765,1
2025-02-16,5,0,0.3502111,0.5451375396732125,0.5098765432098765,1
2025-02-17,5,0,0.4314052,0.533967491374696,0.5098765432098765,1
2025-02-18,5,1,0.38741598,0.5399190845430916,0.5098765432098765,1
2025-02-19,5,1,0.37696683,0.5413640995146747,0.5098765432098765,1
2025-02-20,5,0,0.30147678,0.55237026707185,0.5098765432098765,1
2025-02-21,5,1,0.41946417,0.5355654735403351,0.5098765432098765,1
2025-02-22,5,0,0.3743584,0.5417271295177805,0.5098765432098765,1
2025-02-23,5,0,0.39281926,0.5391772950898264,0.5098765432098765,1
2025-02-24,5,0,0.4920829,0.5259617452552369,0.5098765432098765,1
2025-02-25,5,0,0.64533937,0.5052681122461379,0.5098765432098765,1
2025-02-26,5,1,0.6681935,0.5019350314800209,0.5098765432098765,1
2025-02-27,5,0,0.5520882,0.5180629933223541,0.5098765432098765,1
2025-02-28,5,1,0.5844195,0.5137342560425502,0.5098765432098765,1
2025-03-01,5,1,0.42711326,0.5345406016555209,0.5098765432098765,1
2025-03-02,5,0,0.39580593,0.5387687518251871,0.5098765432098765,1
2025-03-03,5,1,0.4501943,0.5314724786435568,0.5098765432098765,1
2025-03-04,5,1,0.40106544,0.5380517426191563,0.5098765432098765,1
2025-03-05,5,0,0.41213027,0.5365527057490184,0.5098765432098765,1
2025-03-06,5,0,0.43409625,0.5336088088913462,0.5098765432098765,1
2025-03-07,5,0,0.59570295,0.5122019685127794,0.5098765432098765,1
2025-03-08,5,0,0.3772291,0.5413276523191233,0.5098765432098765,1
2025-03-09,5,0,0.61738443,0.5092165865025202,0.5098765432098765,1
2025-03-10,5,1,0.6566982,0.5036248068526309,0.5098765432098765,1
2025-03-11,5,1,0.4599266,0.5301873600908872,0.5098765432098765,1
2025-03-12,5,0,0.42588902,0.534704326730604,0.5098765432098765,1
2025-03-13,5,1,0.65675485,0.5036165513926735,0.5098765432098765,1
2025-03-14,5,1,0.45060933,0.5314175884037852,0.5098765432098765,1
2025-03-15,5,0,0.3304646,0.5480040255807945,0.5098765432098765,1
2025-03-16,5,1,0.47062224,0.528779188434722,0.5098765432098765,1
2025-03-17,5,0,0.41665697,0.5359427991977601,0.5098765432098765,1
2025-03-18,5,1,0.42297843,0.5350940357513695,0.5098765432098765,1
2025-03-19,5,0,0.35168192,0.54492702525287,0.5098765432098765,1
2025-03-20,5,0,0.5165447,0.5227523788340166,0.5098765432098765,1
2025-03-21,5,0,0.38726237,0.5399402237914064,0.5098765432098765,1
2025-03-22,5,1,0.49721444,0.5252887618668381,0.5098765432098765,1
2025-03-23,5,1,0.35100806,0.5450234257703493,0.5098765432098765,1
2025-03-24,5,0,0.3554022,0.5443962583896823,0.5098765432098765,1
2025-03-25,5,0,0.3271054,0.5484996885065294,0.5098765432098765,1
2025-03-26,5,1,0.33127305,0.5478851046316981,0.5098765432098765,1
2025-03-27,5,0,0.3319849,0.5477805084607684,0.5098765432098765,1
2025-03-28,5,0,0.49480888,0.5256042350003788,0.5098765432098765,1
2025-03-29,5,0,0.4944918,0.5256458207362441,0.5098765432098765,1
2025-03-30,5,1,0.4799866,0.5275488721696803,0.5098765432098765,1
2025-03-31,5,1,0.3962849,0.5387033271646138,0.5098765432098765,1
2025-04-01,5,0,0.34879273,0.5453409220224207,0.5098765432098765,1
2025-04-02,5,1,0.55990833,0.5170230365789709,0.5098765432098765,1
2025-04-03,5,1,0.31058076,0.5509762333162476,0.5098765432098765,1
2025-04-04,5,0,0.3290721,0.5482091947737502,0.5098765432098765,1
2025-04-05,5,0,0.39593744,0.5387507851435073,0.5098765432098765,1
2025-04-06,5,1,0.48033848,0.5275026765525767,0.5098765432098765,1
2025-04-07,5,0,0.43441015,0.5335670010272429,0.5098765432098765,1
2025-04-08,5,1,0.662522,0.5027722623867731,0.5098765432098765,1
2025-04-09,5,0,0.40737227,0.5371958220431904,0.5098765432098765,1
2025-04-10,5,1,0.60755265,0.5105776369652392,0.5098765432098765,1
2025-04-11,5,1,0.3684115,0.5425584634544526,0.5098765432098765,1
2025-04-12,5,0,0.3597055,0.5437852842440111,0.5098765432098765,1
2025-04-13,5,1,0.3976085,0.5385226720905973,0.5098765432098765,1
2025-04-14,5,0,0.33817843,0.546874975858461,0.5098765432098765,1
2025-04-15,5,1,0.3429127,0.5461880555891061,0.5098765432098765,1
2025-04-16,5,1,0.33276862,0.5476654800887546,0.5098765432098765,1
2025-04-17,5,0,0.46717378,0.529232807458924,0.5098765432098765,1
2025-04-18,5,1,0.3977031,0.5385097645903637,0.5098765432098765,1
2025-04-19,5,1,0.35592803,0.5443214332298081,0.5098765432098765,1
2025-04-20,5,1,0.36967555,0.5423813208167538,0.5098765432098765,1
2025-04-21,5,1,0.31744984,0.5499387390042214,0.5098765432098765,1
2025-04-22,5,1,0.36590356,0.5429106509190053,0.5098765432098765,1
2025-04-23,5,1,0.34519312,0.5458587412063702,0.5098765432098765,1
2025-04-24,5,1,0.3514063,0.5449664436622225,0.5098765432098765,1
2025-04-25,5,0,0.34031478,0.5465644518510803,0.5098765432098765,1
2025-04-26,5,0,0.37088847,0.5422115662004736,0.5098765432098765,1
2025-04-27,5,1,0.35089725,0.5450392850211524,0.5098765432098765,1
2025-04-28,5,0,0.27936763,0.5558565906755041,0.5098765432098765,1
2025-04-29,5,0,0.35951364,0.5438124589463332,0.5098765432098765,1
2025-04-30,5,1,0.38433626,0.5403434952543347,0.5098765432098765,1
2025-05-01,5,1,0.29114348,0.5539808724578904,0.5098765432098765,1
2025-05-02,5,0,0.33265218,0.547682561808349,0.5098765432098765,1
2025-05-03,5,0,0.41489124,0.5361804866262738,0.5098765432098765,1
2025-05-04,5,1,0.3786725,0.5411272262374167,0.5098765432098765,1
2025-05-05,5,1,0.3265609,0.5485802657883009,0.5098765432098765,1
2025-05-06,5,1,0.29234442,0.5537920548850145,0.5098765432098765,1
2025-05-07,5,1,0.3396569,0.5466599799459307,0.5098765432098765,1
2025-05-08,5,0,0.3797268,0.5409810130748487,0.5098765432098765,1
2025-05-09,5,1,0.39109305,0.5394138958689704,0.5098765432098765,1
2025-05-10,5,0,0.4034462,0.537728161928022,0.5098765432098765,1
2025-05-11,5,0,0.38747376,0.5399111324510035,0.5098765432098765,1
2025-05-12,5,1,0.35109752,0.5450106222516555,0.5098765432098765,1
2025-05-13,5,0,0.30161437,0.55234902899177,0.5098765432098765,1
2025-05-14,5,1,0.3325494,0.547697643513712,0.5098765432098765,1
2025-05-15,5,0,0.32775897,0.5484030569045123,0.5098765432098765,1
2025-05-16,5,0,0.3365306,0.5471151226280236,0.5098765432098765,1
2025-05-17,5,1,0.32324922,0.5490718019469288,0.5098765432098765,1
2025-05-18,5,0,0.28855821,0.5543888508671756,0.5098765432098765,1
2025-05-19,5,1,0.32040423,0.5494960941137472,0.5098765432098765,1
2025-05-20,5,1,0.304549,0.5518973242064549,0.5098765432098765,1
2025-05-21,5,1,0.30777904,0.5514028709993946,0.5098765432098765,1
2025-05-22,5,0,0.32594553,0.5486714156042813,0.5098765432098765,1
2025-05-23,5,1,0.3995823,0.5382536276119674,0.5098765432098765,1
2025-05-24,5,1,0.29943842,0.5526855134625903,0.5098765432098765,1
2025-05-25,5,1,0.29883546,0.5527789923070019,0.5098765432098765,1
2025-05-26,5,0,0.35879725,0.5439139770040752,0.5098765432098765,1
2025-05-27,5,0,0.39161712,0.5393420270366669,0.5098765432098765,1
2025-05-28,5,0,0.3429337,0.5461850168759123,0.5098765432098765,1
2025-05-29,5,0,0.4164496,0.5359706986776281,0.5098765432098765,1
2025-05-30,5,1,0.46062005,0.5300959438107131,0.5098765432098765,1
2025-05-31,5,1,0.41557664,0.536088192040124,0.5098765432098765,1
2025-06-01,5,1,0.3660141,0.5428951079846025,0.5098765432098765,1
2025-06-02,5,0,0.4122501,0.5365365358017807,0.5098765432098765,1
2025-06-03,5,0,0.4390536,0.532949308299812,0.5098765432098765,1
2025-06-04,5,0,0.39107847,0.5394158948505126,0.5098765432098765,1
2025-06-05,5,1,0.58637506,0.5134696166489856,0.5098765432098765,1
2025-06-06,5,1,0.40077168,0.5380917106449431,0.5098765432098765,1
2025-06-07,5,1,0.43342787,0.533697848668181,0.5098765432098765,1
2025-06-08,5,1,0.3807431,0.5408402119294929,0.5098765432098765,1
2025-06-09,5,0,0.3526264,0.5447920448940615,0.5098765432098765,1
2025-06-10,5,0,0.3183949,0.5497969152814188,0.5098765432098765,1
2025-06-11,5,0,0.318661,0.5497570204412022,0.5098765432098765,1
2025-06-12,5,1,0.43491244,0.5335001172612136,0.5098765432098765,1
2025-06-13,5,0,0.37323096,0.5418843377203761,0.5098765432098765,1
2025-06-14,5,1,0.44768602,0.5318043982795098,0.5098765432098765,1
2025-06-15,5,1,0.43548498,0.5334239001491596,0.5098765432098765,1
2025-06-16,5,0,0.40792376,0.5371211678955494,0.5098765432098765,1
2025-06-17,5,1,0.39784417,0.5384905251083313,0.5098765432098765,1
2025-06-18,5,0,0.3888487,0.5397220487298547,0.5098765432098765,1
2025-06-19,5,0,0.3798354,0.5409659605617663,0.5098765432098765,1
2025-06-20,5,0,0.4175249,0.5358260652472566,0.5098765432098765,1
2025-06-21,5,0,0.42087886,0.5353755720675617,0.5098765432098765,1
2025-06-22,5,1,0.437476,0.5331590129934203,0.5098765432098765,1
2025-06-23,5,1,0.3756454,0.5415478898548185,0.5098765432098765,1
2025-06-24,5,1,0.3178106,0.5498845752004716,0.5098765432098765,1
2025-06-25,5,0,0.31478646,0.5503396051833233,0.5098765432098765,1
2025-06-26,5,1,0.3206825,0.5494545106310925,0.5098765432098765,1
2025-06-27,5,1,0.3043824,0.5519229032092844,0.5098765432098765,1
2025-06-28,5,1,0.39837137,0.5384186353130401,0.5098765432098765,1
2025-06-29,5,0,0.3058435,0.5516988253126508,0.5098765432098765,1
2025-06-30,5,0,0.40350366,0.5377203597160858,0.5098765432098765,1
2025-07-01,5,1,0.38786924,0.5398567215847815,0.5098765432098765,1
2025-07-02,5,1,0.3059766,0.551678441836825,0.5098765432098765,1
2025-07-03,5,0,0.31106105,0.5509033011761286,0.5098765432098765,1
2025-07-04,5,1,0.44429907,0.5322531085456953,0.5098765432098765,1
2025-07-05,5,1,0.40623784,0.5373494808323809,0.5098765432098765,1
2025-07-06,5,0,0.3270719,0.5485046438325537,0.5098765432098765,1
2025-07-07,5,1,0.38403934,0.5403844773316133,0.5098765432098765,1
2025-07-08,5,1,0.35072803,0.5450635089806277,0.5098765432098765,1
2025-07-09,5,1,0.30111456,0.5524262006052095,0.5098765432098765,1
2025-07-10,5,1,0.38826075,0.5398028751391017,0.5098765432098765,1
2025-07-11,5,0,0.3568618,0.5441886763912545,0.5098765432098765,1
2025-07-12,5,1,0.3082893,0.5513250183439958,0.5098765432098765,1
2025-07-13,5,1,0.30454805,0.5518974706120542,0.5098765432098765,1
2025-07-14,5,0,0.27386814,0.5567485143411434,0.5098765432098765,1
2025-07-15,5,1,0.2896228,0.5542205951505279,0.5098765432098765,1
2025-07-16,5,1,0.3297067,0.548115640385564,0.5098765432098765,1
2025-07-17,5,0,0.30192962,0.5523003904861947,0.5098765432098765,1
2025-07-18,5,0,0.36912665,0.542458214228967,0.5098765432098765,1
2025-07-19,5,0,0.4236865,0.5349991682571018,0.5098765432098765,1
2025-07-20,5,1,0.3831446,0.5405080437608443,0.5098765432098765,1
2025-07-21,5,1,0.35503912,0.5444479522029838,0.5098765432098765,1
